name,code,begin_date,end_date,member_id
"Committee on Commerce, Science, and Transportation",SSCM,2019-01-09,2021-01-03,B001230
"Committee on Health, Education, Labor, and Pensions",SSHR,2019-01-09,2021-01-03,B001230
Committee on Appropriations,SSAP,2019-01-09,2021-01-03,B001230
Committee on Energy and Natural Resources,SSEG,2019-01-09,2021-01-03,B001261
Committee on Foreign Relations,SSFR,2019-01-09,2021-01-03,B001261
Committee on Indian Affairs,SLIA,2019-01-09,2021-01-03,B001261
Committee on Environment and Public Works,SSEV,2019-01-09,2021-01-03,B001261
Select Committee on Intelligence,SLIN,2019-01-09,2021-01-03,B001267
"Committee on Agriculture, Nutrition, and Forestry",SSAF,2019-01-09,2021-01-03,B001267
Committee on Finance,SSFI,2019-01-09,2021-01-03,B001267
Committee on the Judiciary,SSJU,2019-01-09,2021-01-03,B001243
"Committee on Commerce, Science, and Transportation",SSCM,2019-01-09,2021-01-03,B001243
Committee on Armed Services,SSAS,2019-01-09,2021-01-03,B001243
Committee on Veterans' Affairs,SSVA,,2021-01-03,B001243
Committee on the Judiciary,SSJU,2019-01-09,2021-01-03,B001277
Special Committee on Aging,SPAG,2019-01-09,2021-01-03,B001277
Committee on Veterans' Affairs,SSVA,2019-01-09,2021-01-03,B001277
"Committee on Commerce, Science, and Transportation",SSCM,2019-01-09,2021-01-03,B001277
Committee on Armed Services,SSAS,2019-01-09,2021-01-03,B001277
Committee on Rules and Administration,SSRA,2019-01-09,2021-01-03,B000575
Select Committee on Intelligence,SLIN,2019-01-09,2021-01-03,B000575
"Committee on Commerce, Science, and Transportation",SSCM,2019-01-09,2021-01-03,B000575
Committee on Appropriations,SSAP,2019-01-09,2021-01-03,B000575
Joint Committee on the Library,JSLC,,2021-01-03,B000575
Joint Committee on Printing,JSPR,,2021-01-03,B000575
Committee on the Judiciary,SSJU,2019-01-09,2021-01-03,B001288
Committee on Foreign Relations,SSFR,2019-01-09,2021-01-03,B001288
Committee on Small Business and Entrepreneurship,SSSB,2019-01-09,2021-01-03,B001288
Committee on Environment and Public Works,SSEV,2019-01-09,2021-01-03,B001288
Committee on Environment and Public Works,SSEV,2019-01-09,2021-01-03,B001236
Committee on Veterans' Affairs,SSVA,2019-01-09,2021-01-03,B001236
"Committee on Agriculture, Nutrition, and Forestry",SSAF,2019-01-09,2021-01-03,B001236
Committee on Appropriations,SSAP,2019-01-09,2021-01-03,B001236
Commission on Security and Cooperation in Europe,JCSE,,2021-01-03,B001236
Committee on Environment and Public Works,SSEV,2019-01-09,2021-01-03,B001310
Special Committee on Aging,SPAG,2019-01-09,2021-01-03,B001310
"Committee on Agriculture, Nutrition, and Forestry",SSAF,2019-01-09,2021-01-03,B001310
Committee on the Budget,SSBU,2019-01-09,2021-01-03,B001310
"Committee on Health, Education, Labor, and Pensions",SSHR,2019-01-09,2021-01-03,B001310
"Committee on Banking, Housing, and Urban Affairs",SSBK,2019-01-09,2021-01-03,B000944
Committee on Veterans' Affairs,SSVA,2019-01-09,2021-01-03,B000944
"Committee on Agriculture, Nutrition, and Forestry",SSAF,2019-01-09,2021-01-03,B000944
Committee on Finance,SSFI,2019-01-09,2021-01-03,B000944
Select Committee on Intelligence,SLIN,2019-01-09,2021-01-03,B001135
Special Committee on Aging,SPAG,2019-01-09,2021-01-03,B001135
"Committee on Health, Education, Labor, and Pensions",SSHR,2019-01-09,2021-01-03,B001135
Committee on Finance,SSFI,2019-01-09,2021-01-03,B001135
Committee on Energy and Natural Resources,SSEG,2019-01-09,2021-01-03,C000127
Committee on Indian Affairs,SLIA,2019-01-09,2021-01-03,C000127
Committee on Small Business and Entrepreneurship,SSSB,2019-01-09,2021-01-03,C000127
"Committee on Commerce, Science, and Transportation",SSCM,2019-01-09,2021-01-03,C000127
Committee on Finance,SSFI,2019-01-09,2021-01-03,C000127
Committee on Rules and Administration,SSRA,2019-01-09,2021-01-03,C001047
Committee on Environment and Public Works,SSEV,2019-01-09,2021-01-03,C001047
"Committee on Commerce, Science, and Transportation",SSCM,2019-01-09,2021-01-03,C001047
Committee on Appropriations,SSAP,2019-01-09,2021-01-03,C001047
Committee on Foreign Relations,SSFR,2019-01-09,2021-01-03,C000141
Committee on Environment and Public Works,SSEV,2019-01-09,2021-01-03,C000141
Committee on Small Business and Entrepreneurship,SSSB,2019-01-09,2021-01-03,C000141
Committee on Finance,SSFI,2019-01-09,2021-01-03,C000141
Commission on Security and Cooperation in Europe,JCSE,,2021-01-03,C000141
Committee on Environment and Public Works,SSEV,2019-01-09,2021-01-03,C000174
Committee on Homeland Security and Governmental Affairs,SSGA,2019-01-09,2021-01-03,C000174
Committee on Finance,SSFI,2019-01-09,2021-01-03,C000174
Special Committee on Aging,SPAG,2019-01-09,2021-01-03,C001070
"Committee on Agriculture, Nutrition, and Forestry",SSAF,2019-01-09,2021-01-03,C001070
"Committee on Health, Education, Labor, and Pensions",SSHR,2019-01-09,2021-01-03,C001070
Committee on Finance,SSFI,2019-01-09,2021-01-03,C001070
Committee on Energy and Natural Resources,SSEG,2019-01-09,2021-01-03,C001075
Joint Economic Committee,JSEC,2019-01-09,2021-01-03,C001075
Committee on Veterans' Affairs,SSVA,2019-01-09,2021-01-03,C001075
"Committee on Health, Education, Labor, and Pensions",SSHR,2019-01-09,2021-01-03,C001075
Committee on Finance,SSFI,2019-01-09,2021-01-03,C001075
Select Committee on Intelligence,SLIN,2019-01-09,2021-01-03,C001035
Special Committee on Aging,SPAG,2019-01-09,2021-01-03,C001035
"Committee on Health, Education, Labor, and Pensions",SSHR,2019-01-09,2021-01-03,C001035
Committee on Appropriations,SSAP,2019-01-09,2021-01-03,C001035
Committee on the Judiciary,SSJU,2019-01-09,2021-01-03,C001088
Committee on Foreign Relations,SSFR,2019-01-09,2021-01-03,C001088
Select Committee on Ethics,SLET,2019-01-09,2021-01-03,C001088
Committee on Small Business and Entrepreneurship,SSSB,2019-01-09,2021-01-03,C001088
Committee on Appropriations,SSAP,2019-01-09,2021-01-03,C001088
Committee on the Judiciary,SSJU,2019-01-09,2021-01-03,C001056
Select Committee on Intelligence,SLIN,2019-01-09,2021-01-03,C001056
Committee on Finance,SSFI,2019-01-09,2021-01-03,C001056
United States Caucus on International Narcotics Control,SCNC,,2021-01-03,C001056
Committee on Energy and Natural Resources,SSEG,2019-01-09,2021-01-03,C001113
"Committee on Banking, Housing, and Urban Affairs",SSBK,2019-01-09,2021-01-03,C001113
Committee on Rules and Administration,SSRA,2019-01-09,2021-01-03,C001113
Committee on Indian Affairs,SLIA,2019-01-09,2021-01-03,C001113
Committee on Finance,SSFI,2019-01-09,2021-01-03,C001113
"Committee on Banking, Housing, and Urban Affairs",SSBK,2019-01-09,2021-01-03,C001095
Joint Economic Committee,JSEC,2019-01-09,2021-01-03,C001095
Select Committee on Intelligence,SLIN,2019-01-09,2021-01-03,C001095
Committee on Armed Services,SSAS,2019-01-09,2021-01-03,C001095
"Committee on Banking, Housing, and Urban Affairs",SSBK,2019-01-09,2021-01-03,C001096
Committee on Environment and Public Works,SSEV,2019-01-09,2021-01-03,C001096
Committee on Veterans' Affairs,SSVA,2019-01-09,2021-01-03,C001096
Committee on the Budget,SSBU,2019-01-09,2021-01-03,C001096
Committee on Armed Services,SSAS,2019-01-09,2021-01-03,C001096
Committee on the Judiciary,SSJU,2019-01-09,2021-01-03,C000880
"Committee on Banking, Housing, and Urban Affairs",SSBK,2019-01-09,2021-01-03,C000880
Committee on the Budget,SSBU,2019-01-09,2021-01-03,C000880
Committee on Finance,SSFI,2019-01-09,2021-01-03,C000880
Joint Committee on Taxation,JSTX,,2021-01-03,C000880
Committee on the Judiciary,SSJU,2019-01-09,2021-01-03,C001098
Committee on Foreign Relations,SSFR,2019-01-09,2021-01-03,C001098
Joint Economic Committee,JSEC,2019-01-09,2021-01-03,C001098
Committee on Rules and Administration,SSRA,2019-01-09,2021-01-03,C001098
"Committee on Commerce, Science, and Transportation",SSCM,2019-01-09,2021-01-03,C001098
Committee on Energy and Natural Resources,SSEG,2019-01-09,2021-01-03,D000618
Committee on Indian Affairs,SLIA,2019-01-09,2021-01-03,D000618
Committee on Finance,SSFI,2019-01-09,2021-01-03,D000618
Committee on Appropriations,SSAP,2019-01-09,2021-01-03,D000618
Committee on Environment and Public Works,SSEV,2019-01-09,2021-01-03,D000622
Committee on Small Business and Entrepreneurship,SSSB,2019-01-09,2021-01-03,D000622
"Committee on Commerce, Science, and Transportation",SSCM,2019-01-09,2021-01-03,D000622
Committee on Armed Services,SSAS,2019-01-09,2021-01-03,D000622
Committee on the Judiciary,SSJU,2019-01-09,2021-01-03,D000563
Committee on Rules and Administration,SSRA,2019-01-09,2021-01-03,D000563
"Committee on Agriculture, Nutrition, and Forestry",SSAF,2019-01-09,2021-01-03,D000563
Committee on Appropriations,SSAP,2019-01-09,2021-01-03,D000563
Committee on Small Business and Entrepreneurship,SSSB,2019-01-09,2021-01-03,E000295
Committee on Environment and Public Works,SSEV,2019-01-09,2021-01-03,E000295
"Committee on Agriculture, Nutrition, and Forestry",SSAF,2019-01-09,2021-01-03,E000295
Committee on Armed Services,SSAS,2019-01-09,2021-01-03,E000295
Committee on the Judiciary,SSJU,,2021-01-03,E000295
Committee on the Judiciary,SSJU,2019-01-09,2021-01-03,F000062
Committee on Rules and Administration,SSRA,2019-01-09,2021-01-03,F000062
Select Committee on Intelligence,SLIN,2019-01-09,2021-01-03,F000062
Committee on Appropriations,SSAP,2019-01-09,2021-01-03,F000062
United States Caucus on International Narcotics Control,SCNC,,2021-01-03,F000062
Committee on Rules and Administration,SSRA,2019-01-09,2021-01-03,F000463
"Committee on Agriculture, Nutrition, and Forestry",SSAF,2019-01-09,2021-01-03,F000463
"Committee on Commerce, Science, and Transportation",SSCM,2019-01-09,2021-01-03,F000463
Committee on Armed Services,SSAS,2019-01-09,2021-01-03,F000463
Committee on Environment and Public Works,SSEV,2019-01-09,2021-01-03,G000555
Special Committee on Aging,SPAG,2019-01-09,2021-01-03,G000555
"Committee on Agriculture, Nutrition, and Forestry",SSAF,2019-01-09,2021-01-03,G000555
Committee on Armed Services,SSAS,2019-01-09,2021-01-03,G000555
Committee on the Judiciary,SSJU,2019-01-09,2021-01-03,G000359
Committee on Foreign Relations,SSFR,2019-01-09,2021-01-03,G000359
Committee on the Budget,SSBU,2019-01-09,2021-01-03,G000359
Committee on Appropriations,SSAP,2019-01-09,2021-01-03,G000359
Committee on the Judiciary,SSJU,2019-01-09,2021-01-03,G000386
Committee on the Budget,SSBU,2019-01-09,2021-01-03,G000386
"Committee on Agriculture, Nutrition, and Forestry",SSAF,2019-01-09,2021-01-03,G000386
Committee on Finance,SSFI,2019-01-09,2021-01-03,G000386
Joint Committee on Taxation,JSTX,,2021-01-03,G000386
United States Caucus on International Narcotics Control,SCNC,,2021-01-03,G000386
Committee on the Judiciary,SSJU,2019-01-09,2021-01-03,H001075
Select Committee on Intelligence,SLIN,2019-01-09,2021-01-03,H001075
Committee on Homeland Security and Governmental Affairs,SSGA,2019-01-09,2021-01-03,H001075
Committee on the Budget,SSBU,2019-01-09,2021-01-03,H001075
Joint Economic Committee,JSEC,2019-01-09,2021-01-03,H001076
Committee on Homeland Security and Governmental Affairs,SSGA,2019-01-09,2021-01-03,H001076
"Committee on Health, Education, Labor, and Pensions",SSHR,2019-01-09,2021-01-03,H001076
Committee on Finance,SSFI,2019-01-09,2021-01-03,H001076
Committee on the Judiciary,SSJU,2019-01-09,2021-01-03,H001089
Committee on Small Business and Entrepreneurship,SSSB,2019-01-09,2021-01-03,H001089
Special Committee on Aging,SPAG,2019-01-09,2021-01-03,H001089
Committee on Homeland Security and Governmental Affairs,SSGA,2019-01-09,2021-01-03,H001089
Committee on Armed Services,SSAS,2019-01-09,2021-01-03,H001089
Committee on Energy and Natural Resources,SSEG,2019-01-09,2021-01-03,H001046
Joint Economic Committee,JSEC,2019-01-09,2021-01-03,H001046
Select Committee on Intelligence,SLIN,2019-01-09,2021-01-03,H001046
Committee on Armed Services,SSAS,2019-01-09,2021-01-03,H001046
Committee on the Judiciary,SSJU,2019-01-09,2021-01-03,H001042
Committee on Energy and Natural Resources,SSEG,2019-01-09,2021-01-03,H001042
Committee on Small Business and Entrepreneurship,SSSB,2019-01-09,2021-01-03,H001042
Committee on Veterans' Affairs,SSVA,2019-01-09,2021-01-03,H001042
Committee on Armed Services,SSAS,2019-01-09,2021-01-03,H001042
Committee on Energy and Natural Resources,SSEG,2019-01-09,2021-01-03,H001061
Committee on Indian Affairs,SLIA,2019-01-09,2021-01-03,H001061
"Committee on Agriculture, Nutrition, and Forestry",SSAF,2019-01-09,2021-01-03,H001061
Committee on Appropriations,SSAP,2019-01-09,2021-01-03,H001061
Committee on Energy and Natural Resources,SSEG,2019-01-09,2021-01-03,H001079
Committee on Rules and Administration,SSRA,2019-01-09,2021-01-03,H001079
"Committee on Agriculture, Nutrition, and Forestry",SSAF,2019-01-09,2021-01-03,H001079
Committee on Appropriations,SSAP,2019-01-09,2021-01-03,H001079
Committee on Environment and Public Works,SSEV,2019-01-09,2021-01-03,I000024
Committee on Small Business and Entrepreneurship,SSSB,2019-01-09,2021-01-03,I000024
Select Committee on Intelligence,SLIN,2019-01-09,2021-01-03,I000024
Committee on Armed Services,SSAS,2019-01-09,2021-01-03,I000024
Committee on Foreign Relations,SSFR,2019-01-09,2021-01-03,J000293
Committee on Homeland Security and Governmental Affairs,SSGA,2019-01-09,2021-01-03,J000293
Committee on the Budget,SSBU,2019-01-09,2021-01-03,J000293
"Committee on Commerce, Science, and Transportation",SSCM,2019-01-09,2021-01-03,J000293
Committee on Foreign Relations,SSFR,2019-01-09,2021-01-03,K000384
Committee on the Budget,SSBU,2019-01-09,2021-01-03,K000384
"Committee on Health, Education, Labor, and Pensions",SSHR,2019-01-09,2021-01-03,K000384
Committee on Armed Services,SSAS,2019-01-09,2021-01-03,K000384
Committee on the Judiciary,SSJU,2019-01-09,2021-01-03,K000393
"Committee on Banking, Housing, and Urban Affairs",SSBK,2019-01-09,2021-01-03,K000393
Committee on Small Business and Entrepreneurship,SSSB,2019-01-09,2021-01-03,K000393
Committee on the Budget,SSBU,2019-01-09,2021-01-03,K000393
Committee on Appropriations,SSAP,2019-01-09,2021-01-03,K000393
Committee on Energy and Natural Resources,SSEG,2019-01-09,2021-01-03,K000383
Committee on Rules and Administration,SSRA,2019-01-09,2021-01-03,K000383
Select Committee on Intelligence,SLIN,2019-01-09,2021-01-03,K000383
Committee on Armed Services,SSAS,2019-01-09,2021-01-03,K000383
Committee on the Judiciary,SSJU,2019-01-09,2021-01-03,K000367
Joint Economic Committee,JSEC,2019-01-09,2021-01-03,K000367
Committee on Rules and Administration,SSRA,2019-01-09,2021-01-03,K000367
"Committee on Agriculture, Nutrition, and Forestry",SSAF,2019-01-09,2021-01-03,K000367
"Committee on Commerce, Science, and Transportation",SSCM,2019-01-09,2021-01-03,K000367
Joint Committee on the Library,JSLC,,2021-01-03,K000367
Joint Committee on Printing,JSPR,,2021-01-03,K000367
Committee on Indian Affairs,SLIA,2019-01-09,2021-01-03,L000575
Committee on Homeland Security and Governmental Affairs,SSGA,2019-01-09,2021-01-03,L000575
Committee on Finance,SSFI,2019-01-09,2021-01-03,L000575
Committee on Appropriations,SSAP,2019-01-09,2021-01-03,L000575
Committee on the Judiciary,SSJU,2019-01-09,2021-01-03,L000174
Committee on Rules and Administration,SSRA,2019-01-09,2021-01-03,L000174
"Committee on Agriculture, Nutrition, and Forestry",SSAF,2019-01-09,2021-01-03,L000174
Committee on Appropriations,SSAP,2019-01-09,2021-01-03,L000174
Joint Committee on the Library,JSLC,,2021-01-03,L000174
Committee on the Judiciary,SSJU,2019-01-09,2021-01-03,L000577
Committee on Energy and Natural Resources,SSEG,2019-01-09,2021-01-03,L000577
Joint Economic Committee,JSEC,2019-01-09,2021-01-03,L000577
"Committee on Commerce, Science, and Transportation",SSCM,2019-01-09,2021-01-03,L000577
Committee on Energy and Commerce,HSIF,2019-01-15,2021-01-03,L000570
Select Committee on the Climate Crisis,HSCN,,2021-01-03,L000570
Committee on Energy and Natural Resources,SSEG,2019-01-09,2021-01-03,M001183
Committee on Veterans' Affairs,SSVA,2019-01-09,2021-01-03,M001183
Committee on Armed Services,SSAS,2019-01-09,2021-01-03,M001183
Committee on Appropriations,SSAP,2019-01-09,2021-01-03,M001183
Committee on Foreign Relations,SSFR,2019-01-09,2021-01-03,M000133
Committee on Small Business and Entrepreneurship,SSSB,2019-01-09,2021-01-03,M000133
Committee on Environment and Public Works,SSEV,2019-01-09,2021-01-03,M000133
"Committee on Commerce, Science, and Transportation",SSCM,2019-01-09,2021-01-03,M000133
"Committee on Science, Space, and Technology",HSSY,2019-01-23,2021-01-03,M001198
Committee on Agriculture,HSAG,2019-01-23,2021-01-03,M001198
Committee on Rules and Administration,SSRA,2019-01-09,2021-01-03,M000355
Select Committee on Intelligence,SLIN,2019-01-09,2021-01-03,M000355
"Committee on Agriculture, Nutrition, and Forestry",SSAF,2019-01-09,2021-01-03,M000355
Committee on Appropriations,SSAP,2019-01-09,2021-01-03,M000355
"Committee on Banking, Housing, and Urban Affairs",SSBK,2019-01-09,2021-01-03,M000639
Committee on Foreign Relations,SSFR,2019-01-09,2021-01-03,M000639
Committee on Finance,SSFI,2019-01-09,2021-01-03,M000639
Committee on Foreign Relations,SSFR,2019-01-09,2021-01-03,M001176
Committee on Environment and Public Works,SSEV,2019-01-09,2021-01-03,M001176
Committee on the Budget,SSBU,2019-01-09,2021-01-03,M001176
Committee on Appropriations,SSAP,2019-01-09,2021-01-03,M001176
"Committee on Banking, Housing, and Urban Affairs",SSBK,2019-01-09,2021-01-03,M000934
Committee on Indian Affairs,SLIA,2019-01-09,2021-01-03,M000934
Committee on Veterans' Affairs,SSVA,2019-01-09,2021-01-03,M000934
"Committee on Commerce, Science, and Transportation",SSCM,2019-01-09,2021-01-03,M000934
Committee on Appropriations,SSAP,2019-01-09,2021-01-03,M000934
Committee on Energy and Natural Resources,SSEG,2019-01-09,2021-01-03,M001153
Committee on Indian Affairs,SLIA,2019-01-09,2021-01-03,M001153
"Committee on Health, Education, Labor, and Pensions",SSHR,2019-01-09,2021-01-03,M001153
Committee on Appropriations,SSAP,2019-01-09,2021-01-03,M001153
Committee on Foreign Relations,SSFR,2019-01-09,2021-01-03,M001169
"Committee on Health, Education, Labor, and Pensions",SSHR,2019-01-09,2021-01-03,M001169
Committee on Appropriations,SSAP,2019-01-09,2021-01-03,M001169
Committee on Veterans' Affairs,SSVA,2019-01-09,2021-01-03,M001111
Committee on the Budget,SSBU,2019-01-09,2021-01-03,M001111
"Committee on Health, Education, Labor, and Pensions",SSHR,2019-01-09,2021-01-03,M001111
Committee on Appropriations,SSAP,2019-01-09,2021-01-03,M001111
Committee on Foreign Relations,SSFR,2019-01-09,2021-01-03,P000603
Committee on Small Business and Entrepreneurship,SSSB,2019-01-09,2021-01-03,P000603
Committee on Homeland Security and Governmental Affairs,SSGA,2019-01-09,2021-01-03,P000603
"Committee on Health, Education, Labor, and Pensions",SSHR,2019-01-09,2021-01-03,P000603
Joint Economic Committee,JSEC,2019-01-09,2021-01-03,P000595
Committee on Homeland Security and Governmental Affairs,SSGA,2019-01-09,2021-01-03,P000595
"Committee on Commerce, Science, and Transportation",SSCM,2019-01-09,2021-01-03,P000595
Committee on Armed Services,SSAS,2019-01-09,2021-01-03,P000595
Committee on Foreign Relations,SSFR,2019-01-09,2021-01-03,P000449
Joint Economic Committee,JSEC,2019-01-09,2021-01-03,P000449
Committee on Homeland Security and Governmental Affairs,SSGA,2019-01-09,2021-01-03,P000449
Committee on Finance,SSFI,2019-01-09,2021-01-03,P000449
"Committee on Banking, Housing, and Urban Affairs",SSBK,2019-01-09,2021-01-03,R000122
Select Committee on Intelligence,SLIN,2019-01-09,2021-01-03,R000122
Committee on Armed Services,SSAS,2019-01-09,2021-01-03,R000122
Committee on Appropriations,SSAP,2019-01-09,2021-01-03,R000122
Committee on Energy and Natural Resources,SSEG,2019-01-09,2021-01-03,R000584
Committee on Foreign Relations,SSFR,2019-01-09,2021-01-03,R000584
Select Committee on Ethics,SLET,2019-01-09,2021-01-03,R000584
Committee on Small Business and Entrepreneurship,SSSB,2019-01-09,2021-01-03,R000584
Select Committee on Intelligence,SLIN,2019-01-09,2021-01-03,R000584
United States Caucus on International Narcotics Control,SCNC,,2021-01-03,R000584
Committee on Foreign Relations,SSFR,2019-01-09,2021-01-03,R000615
Committee on Small Business and Entrepreneurship,SSSB,2019-01-09,2021-01-03,R000615
Committee on Homeland Security and Governmental Affairs,SSGA,2019-01-09,2021-01-03,R000615
"Committee on Health, Education, Labor, and Pensions",SSHR,2019-01-09,2021-01-03,R000615
Committee on Small Business and Entrepreneurship,SSSB,2019-01-09,2021-01-03,R000608
Special Committee on Aging,SPAG,2019-01-09,2021-01-03,R000608
Committee on Homeland Security and Governmental Affairs,SSGA,2019-01-09,2021-01-03,R000608
"Committee on Commerce, Science, and Transportation",SSCM,2019-01-09,2021-01-03,R000608
"Committee on Health, Education, Labor, and Pensions",SSHR,2019-01-09,2021-01-03,R000608
United States Caucus on International Narcotics Control,SCNC,,2021-01-03,R000608
"Committee on Banking, Housing, and Urban Affairs",SSBK,2019-01-09,2021-01-03,R000605
Committee on Environment and Public Works,SSEV,2019-01-09,2021-01-03,R000605
Committee on Veterans' Affairs,SSVA,2019-01-09,2021-01-03,R000605
Committee on Armed Services,SSAS,2019-01-09,2021-01-03,R000605
Committee on Foreign Relations,SSFR,2019-01-09,2021-01-03,R000595
Committee on Small Business and Entrepreneurship,SSSB,2019-01-09,2021-01-03,R000595
Select Committee on Intelligence,SLIN,2019-01-09,2021-01-03,R000595
Special Committee on Aging,SPAG,2019-01-09,2021-01-03,R000595
Committee on Appropriations,SSAP,2019-01-09,2021-01-03,R000595
Commission on Security and Cooperation in Europe,JCSE,,2021-01-03,R000595
Committee on Energy and Natural Resources,SSEG,2019-01-09,2021-01-03,S000033
Committee on Environment and Public Works,SSEV,2019-01-09,2021-01-03,S000033
Committee on Veterans' Affairs,SSVA,2019-01-09,2021-01-03,S000033
Committee on the Budget,SSBU,2019-01-09,2021-01-03,S000033
"Committee on Health, Education, Labor, and Pensions",SSHR,2019-01-09,2021-01-03,S000033
Committee on the Judiciary,SSJU,2019-01-09,2021-01-03,S001197
"Committee on Banking, Housing, and Urban Affairs",SSBK,2019-01-09,2021-01-03,S001197
Joint Economic Committee,JSEC,2019-01-09,2021-01-03,S001197
Select Committee on Intelligence,SLIN,2019-01-09,2021-01-03,S001197
"Committee on Banking, Housing, and Urban Affairs",SSBK,2019-01-09,2021-01-03,S001194
Select Committee on Ethics,SLET,2019-01-09,2021-01-03,S001194
Committee on Indian Affairs,SLIA,2019-01-09,2021-01-03,S001194
"Committee on Commerce, Science, and Transportation",SSCM,2019-01-09,2021-01-03,S001194
Committee on Appropriations,SSAP,2019-01-09,2021-01-03,S001194
Committee on Rules and Administration,SSRA,2019-01-09,2021-01-03,S000148
Select Committee on Intelligence,SLIN,2019-01-09,2021-01-03,S000148
"Committee on Banking, Housing, and Urban Affairs",SSBK,2019-01-09,2021-01-03,S001184
Committee on Small Business and Entrepreneurship,SSSB,2019-01-09,2021-01-03,S001184
Special Committee on Aging,SPAG,2019-01-09,2021-01-03,S001184
Committee on Finance,SSFI,2019-01-09,2021-01-03,S001184
"Committee on Health, Education, Labor, and Pensions",SSHR,2019-01-09,2021-01-03,S001184
Special Committee on Aging,SPAG,2019-01-09,2021-01-03,S001217
Committee on Homeland Security and Governmental Affairs,SSGA,2019-01-09,2021-01-03,S001217
Committee on the Budget,SSBU,2019-01-09,2021-01-03,S001217
"Committee on Commerce, Science, and Transportation",SSCM,2019-01-09,2021-01-03,S001217
Committee on Armed Services,SSAS,2019-01-09,2021-01-03,S001217
Committee on Foreign Relations,SSFR,2019-01-09,2021-01-03,S001181
Select Committee on Ethics,SLET,2019-01-09,2021-01-03,S001181
Committee on Small Business and Entrepreneurship,SSSB,2019-01-09,2021-01-03,S001181
Committee on Armed Services,SSAS,2019-01-09,2021-01-03,S001181
Committee on Appropriations,SSAP,2019-01-09,2021-01-03,S001181
Commission on Security and Cooperation in Europe,JCSE,,2021-01-03,S001181
"Committee on Banking, Housing, and Urban Affairs",SSBK,2019-01-09,2021-01-03,S000320
Committee on Rules and Administration,SSRA,2019-01-09,2021-01-03,S000320
Committee on Environment and Public Works,SSEV,2019-01-09,2021-01-03,S000320
Committee on Appropriations,SSAP,2019-01-09,2021-01-03,S000320
Joint Committee on the Library,JSLC,,2021-01-03,S000320
"Committee on Banking, Housing, and Urban Affairs",SSBK,2019-01-09,2021-01-03,S001191
Special Committee on Aging,SPAG,2019-01-09,2021-01-03,S001191
Committee on Veterans' Affairs,SSVA,2019-01-09,2021-01-03,S001191
Committee on Homeland Security and Governmental Affairs,SSGA,2019-01-09,2021-01-03,S001191
"Committee on Commerce, Science, and Transportation",SSCM,2019-01-09,2021-01-03,S001191
"Committee on Banking, Housing, and Urban Affairs",SSBK,2019-01-09,2021-01-03,S001203
Committee on Indian Affairs,SLIA,2019-01-09,2021-01-03,S001203
"Committee on Agriculture, Nutrition, and Forestry",SSAF,2019-01-09,2021-01-03,S001203
"Committee on Health, Education, Labor, and Pensions",SSHR,2019-01-09,2021-01-03,S001203
Committee on Energy and Natural Resources,SSEG,2019-01-09,2021-01-03,S000770
"Committee on Agriculture, Nutrition, and Forestry",SSAF,2019-01-09,2021-01-03,S000770
Committee on the Budget,SSBU,2019-01-09,2021-01-03,S000770
Committee on Finance,SSFI,2019-01-09,2021-01-03,S000770
Joint Committee on Taxation,JSTX,,2021-01-03,S000770
Committee on Environment and Public Works,SSEV,2019-01-09,2021-01-03,S001198
Committee on Veterans' Affairs,SSVA,2019-01-09,2021-01-03,S001198
"Committee on Commerce, Science, and Transportation",SSCM,2019-01-09,2021-01-03,S001198
Committee on Armed Services,SSAS,2019-01-09,2021-01-03,S001198
"Committee on Banking, Housing, and Urban Affairs",SSBK,2019-01-09,2021-01-03,T000464
Committee on Indian Affairs,SLIA,2019-01-09,2021-01-03,T000464
Committee on Veterans' Affairs,SSVA,2019-01-09,2021-01-03,T000464
"Committee on Commerce, Science, and Transportation",SSCM,2019-01-09,2021-01-03,T000464
Committee on Appropriations,SSAP,2019-01-09,2021-01-03,T000464
"Committee on Agriculture, Nutrition, and Forestry",SSAF,2019-01-09,2021-01-03,T000250
"Committee on Commerce, Science, and Transportation",SSCM,2019-01-09,2021-01-03,T000250
Committee on Finance,SSFI,2019-01-09,2021-01-03,T000250
Committee on the Judiciary,SSJU,2019-01-09,2021-01-03,T000476
"Committee on Banking, Housing, and Urban Affairs",SSBK,2019-01-09,2021-01-03,T000476
Committee on Veterans' Affairs,SSVA,2019-01-09,2021-01-03,T000476
Committee on Armed Services,SSAS,2019-01-09,2021-01-03,T000476
Commission on Security and Cooperation in Europe,JCSE,,2021-01-03,T000476
"Committee on Banking, Housing, and Urban Affairs",SSBK,2019-01-09,2021-01-03,T000461
Committee on the Budget,SSBU,2019-01-09,2021-01-03,T000461
Committee on Finance,SSFI,2019-01-09,2021-01-03,T000461
Committee on Appropriations,SSAP,2019-01-09,2021-01-03,V000128
"Committee on Banking, Housing, and Urban Affairs",SSBK,2019-01-09,2021-01-03,V000128
Committee on Environment and Public Works,SSEV,2019-01-09,2021-01-03,V000128
Committee on the Budget,SSBU,2019-01-09,2021-01-03,V000128
"Committee on Banking, Housing, and Urban Affairs",SSBK,2019-01-09,2021-01-03,W000805
Committee on Rules and Administration,SSRA,2019-01-09,2021-01-03,W000805
Select Committee on Intelligence,SLIN,2019-01-09,2021-01-03,W000805
Committee on the Budget,SSBU,2019-01-09,2021-01-03,W000805
Committee on Finance,SSFI,2019-01-09,2021-01-03,W000805
"Committee on Banking, Housing, and Urban Affairs",SSBK,2019-01-09,2021-01-03,W000817
Special Committee on Aging,SPAG,2019-01-09,2021-01-03,W000817
"Committee on Health, Education, Labor, and Pensions",SSHR,2019-01-09,2021-01-03,W000817
Committee on Armed Services,SSAS,2019-01-09,2021-01-03,W000817
Committee on the Judiciary,SSJU,2019-01-09,2021-01-03,W000802
Committee on Environment and Public Works,SSEV,2019-01-09,2021-01-03,W000802
Committee on the Budget,SSBU,2019-01-09,2021-01-03,W000802
Committee on Finance,SSFI,2019-01-09,2021-01-03,W000802
Commission on Security and Cooperation in Europe,JCSE,,2021-01-03,W000802
United States Caucus on International Narcotics Control,SCNC,,2021-01-03,W000802
Committee on Rules and Administration,SSRA,2019-01-09,2021-01-03,W000437
Committee on Environment and Public Works,SSEV,2019-01-09,2021-01-03,W000437
"Committee on Commerce, Science, and Transportation",SSCM,2019-01-09,2021-01-03,W000437
Committee on Armed Services,SSAS,2019-01-09,2021-01-03,W000437
Commission on Security and Cooperation in Europe,JCSE,,2021-01-03,W000437
Joint Committee on Printing,JSPR,,2021-01-03,W000437
Committee on Energy and Natural Resources,SSEG,2019-01-09,2021-01-03,W000779
Select Committee on Intelligence,SLIN,2019-01-09,2021-01-03,W000779
Committee on the Budget,SSBU,2019-01-09,2021-01-03,W000779
Committee on Finance,SSFI,2019-01-09,2021-01-03,W000779
Joint Committee on Taxation,JSTX,,2021-01-03,W000779
Committee on Foreign Relations,SSFR,2019-01-09,2021-01-03,Y000064
Committee on Small Business and Entrepreneurship,SSSB,2019-01-09,2021-01-03,Y000064
"Committee on Commerce, Science, and Transportation",SSCM,2019-01-09,2021-01-03,Y000064
Committee on Finance,SSFI,2019-01-09,2021-01-03,Y000064
Committee on Agriculture,HSAG,2019-01-17,2021-01-03,A000370
Committee on Financial Services,HSBA,2019-01-17,2021-01-03,A000370
Committee on Education and the Workforce,HSED,2019-01-15,2021-01-03,A000370
Committee on Appropriations,HSAP,2019-01-23,2021-01-03,A000055
Committee on Administration,HSHA,2019-01-29,2021-01-03,A000371
Committee on Appropriations,HSAP,2019-01-15,2021-01-03,A000371
Committee on Education and the Workforce,HSED,2019-01-23,2021-01-03,A000372
Committee on Agriculture,HSAG,2019-01-23,2021-01-03,A000372
Committee on Veterans' Affairs,HSVR,2019-01-17,2021-01-03,A000376
Committee on Foreign Affairs,HSFA,2019-01-17,2021-01-03,A000376
Committee on Transportation and Infrastructure,HSPW,2017-01-17,2021-01-03,A000376
Committee on Appropriations,HSAP,2019-01-23,2021-01-03,A000369
Committee on Oversight and Accountability,HSGO,2019-01-23,2021-01-03,A000377
Committee on the Judiciary,HSJU,2019-01-23,2021-01-03,A000377
Select Committee on the Climate Crisis,HSCN,,2021-01-03,A000377
Committee on Ways and Means,HSWM,,2021-01-03,A000375
Committee on Financial Services,HSBA,2019-01-17,2021-01-03,A000378
Committee on Agriculture,HSAG,2019-01-17,2021-01-03,A000378
Committee on Transportation and Infrastructure,HSPW,2019-01-23,2021-01-03,B001291
"Committee on Science, Space, and Technology",HSSY,2019-01-23,2021-01-03,B001291
Committee on Agriculture,HSAG,2019-01-23,2021-01-03,B001298
Committee on Armed Services,HSAS,2019-01-23,2021-01-03,B001298
"Committee on Science, Space, and Technology",HSSY,2019-01-23,2021-01-03,B001307
Committee on Agriculture,HSAG,2019-01-23,2021-01-03,B001307
Committee on Small Business,HSSM,2019-01-24,2021-01-03,B001306
"Committee on Science, Space, and Technology",HSSY,2019-01-23,2021-01-03,B001306
Committee on Transportation and Infrastructure,HSPW,2019-01-23,2021-01-03,B001306
Committee on Education and the Workforce,HSED,2019-01-23,2021-01-03,B001299
Committee on Veterans' Affairs,HSVR,2019-01-23,2021-01-03,B001299
Committee on Armed Services,HSAS,2019-01-23,2021-01-03,B001299
Committee on Financial Services,HSBA,2019-01-23,2021-01-03,B001282
Committee on Veterans' Affairs,HSVR,2019-01-23,2021-01-03,B001282
Committee on Homeland Security,HSHM,2019-01-23,2021-01-03,B001300
Committee on Energy and Commerce,HSIF,2019-01-15,2021-01-03,B001300
Committee on Foreign Affairs,HSFA,2019-01-17,2021-01-03,B001270
Committee on the Judiciary,HSJU,2019-01-16,2021-01-03,B001270
Committee on Financial Services,HSBA,2019-01-17,2021-01-03,B001281
"Committee on Science, Space, and Technology",HSSY,2019-01-23,2021-01-03,B001287
Committee on Foreign Affairs,HSFA,2019-01-17,2021-01-03,B001287
Committee on Veterans' Affairs,HSVR,2019-01-23,2021-01-03,B001301
Committee on Armed Services,HSAS,2019-01-23,2021-01-03,B001301
"Committee on Science, Space, and Technology",HSSY,2019-01-23,2021-01-03,B001292
Committee on Ways and Means,HSWM,2019-01-15,2021-01-03,B001292
Committee on the Judiciary,HSJU,2019-01-23,2021-01-03,B001302
"Committee on Science, Space, and Technology",HSSY,2019-01-23,2021-01-03,B001302
Committee on Veterans' Affairs,HSVR,2019-01-23,2021-01-03,B001257
Committee on Energy and Commerce,HSIF,2019-01-23,2021-01-03,B001257
Committee on Appropriations,HSAP,2019-01-15,2021-01-03,B000490
Committee on Homeland Security,HSHM,2019-09-26,2021-01-03,B001311
Committee on Small Business,HSSM,2019-09-26,2021-01-03,B001311
Committee on Ways and Means,HSWM,2019-01-15,2021-01-03,B000574
Committee on Energy and Commerce,HSIF,2019-01-15,2021-01-03,B001303
"Committee on Science, Space, and Technology",HSSY,2019-01-23,2021-01-03,B001278
Committee on Education and the Workforce,HSED,2019-01-15,2021-01-03,B001278
Select Committee on the Climate Crisis,HSCN,,2021-01-03,B001278
Committee on Veterans' Affairs,HSVR,2019-01-23,2021-01-03,B001295
Committee on Agriculture,HSAG,2019-01-23,2021-01-03,B001295
Committee on Transportation and Infrastructure,HSPW,2019-01-23,2021-01-03,B001295
Committee on the Budget,HSBU,2019-01-24,2021-01-03,B001296
Committee on Ways and Means,HSWM,2019-01-15,2021-01-03,B001296
Committee on Ways and Means,HSWM,2019-01-03,2021-01-03,B000755
Committee on Armed Services,HSAS,2019-01-23,2021-01-03,B001274
"Committee on Science, Space, and Technology",HSSY,2019-01-23,2021-01-03,B001274
Committee on Ethics,HSSO,2019-02-26,2021-01-03,B001304
Committee on Natural Resources,HSII,2019-01-24,2021-01-03,B001304
Committee on Armed Services,HSAS,2019-01-15,2021-01-03,B001304
Committee on Transportation and Infrastructure,HSPW,2017-01-17,2021-01-03,B001304
Committee on Veterans' Affairs,HSVR,2019-01-17,2021-01-03,B001285
Committee on Transportation and Infrastructure,HSPW,2017-01-17,2021-01-03,B001285
Select Committee on the Climate Crisis,HSCN,,2021-01-03,B001285
Committee on Ways and Means,HSWM,,2021-01-03,B001260
Committee on the Judiciary,HSJU,2019-01-23,2021-01-03,B001297
Committee on Foreign Affairs,HSFA,2019-01-23,2021-01-03,B001297
Committee on Energy and Commerce,HSIF,2019-01-23,2021-01-03,B001275
Committee on Financial Services,HSBA,2019-01-23,2021-01-03,B001305
Committee on Small Business,HSSM,2019-01-24,2021-01-03,B001309
Committee on the Budget,HSBU,2019-01-24,2021-01-03,B001309
Committee on Foreign Affairs,HSFA,2019-01-23,2021-01-03,B001309
Committee on Energy and Commerce,HSIF,2019-01-23,2021-01-03,B001248
Committee on Rules,HSRU,2019-01-04,2021-01-03,B001248
Committee on Agriculture,HSAG,2019-01-17,2021-01-03,B001286
Committee on Appropriations,HSAP,2019-01-15,2021-01-03,B001286
Committee on Administration,HSHA,2019-01-29,2021-01-03,B001251
Committee on Energy and Commerce,HSIF,2019-01-15,2021-01-03,B001251
Committee on Appropriations,HSAP,2019-01-23,2021-01-03,C000059
Committee on Agriculture,HSAG,2019-01-17,2021-01-03,C001112
Committee on Armed Services,HSAS,2019-01-15,2021-01-03,C001112
Committee on Transportation and Infrastructure,HSPW,2017-01-17,2021-01-03,C001112
Committee on Energy and Commerce,HSIF,2019-01-15,2021-01-03,C001097
Permanent Select Committee on Intelligence,HSIG,2019-01-16,2021-01-03,C001072
Committee on Transportation and Infrastructure,HSPW,2017-01-17,2021-01-03,C001072
Committee on Energy and Commerce,HSIF,2019-01-23,2021-01-03,C001103
Select Committee on the Climate Crisis,HSCN,,2021-01-03,C001103
Committee on Appropriations,HSAP,2019-01-23,2021-01-03,C001051
Committee on Natural Resources,HSII,2019-02-13,2021-01-03,C001090
Committee on Appropriations,HSAP,2019-01-15,2021-01-03,C001090
Committee on Natural Resources,HSII,2019-01-24,2021-01-03,C001055
Committee on Appropriations,HSAP,2019-01-15,2021-01-03,C001055
"Committee on Science, Space, and Technology",HSSY,2019-01-23,2021-01-03,C001117
Committee on Financial Services,HSBA,2019-01-17,2021-01-03,C001117
Select Committee on the Climate Crisis,HSCN,,2021-01-03,C001117
Committee on Energy and Commerce,HSIF,2019-01-15,2021-01-03,C001066
Select Committee on the Climate Crisis,HSCN,,2021-01-03,C001066
Committee on Education and the Workforce,HSED,2019-01-24,2021-01-03,C001091
Committee on Foreign Affairs,HSFA,2019-01-17,2021-01-03,C001091
Permanent Select Committee on Intelligence,HSIG,2019-01-16,2021-01-03,C001091
Committee on the Judiciary,HSJU,2019-01-23,2021-01-03,C000266
Committee on Foreign Affairs,HSFA,2019-01-23,2021-01-03,C000266
Committee on Small Business,HSSM,2019-01-04,2021-01-03,C000266
Committee on Natural Resources,HSII,2019-01-24,2021-01-03,C001109
Committee on Armed Services,HSAS,2019-01-23,2021-01-03,C001109
Committee on Small Business,HSSM,2019-01-24,2021-01-03,C001080
Committee on Ways and Means,HSWM,2019-01-15,2021-01-03,C001080
Committee on Foreign Affairs,HSFA,2019-01-17,2021-01-03,C001084
Committee on the Judiciary,HSJU,2019-01-16,2021-01-03,C001084
Committee on Appropriations,HSAP,2019-01-15,2021-01-03,C001101
Committee on Homeland Security,HSHM,2019-01-23,2021-01-03,C001067
Committee on Energy and Commerce,HSIF,2019-01-15,2021-01-03,C001067
Committee on Homeland Security,HSHM,2019-01-23,2021-01-03,C001061
Committee on Financial Services,HSBA,2019-01-17,2021-01-03,C001061
Select Committee on the Modernization of Congress,HSMH,,2021-01-03,C001061
Committee on Education and the Workforce,HSED,2019-01-23,2021-01-03,C001118
Committee on the Judiciary,HSJU,2019-01-23,2021-01-03,C001118
"Committee on Science, Space, and Technology",HSSY,2019-01-23,2021-01-03,C001115
Committee on Oversight and Accountability,HSGO,2019-01-23,2021-01-03,C001115
"Committee on Science, Space, and Technology",HSSY,2019-01-24,2021-01-03,C001068
Committee on the Judiciary,HSJU,2019-01-16,2021-01-03,C001068
Committee on Transportation and Infrastructure,HSPW,2017-01-17,2021-01-03,C001068
Committee on Appropriations,HSAP,2019-01-23,2021-01-03,C001053
Committee on Rules,HSRU,2019-01-03,2021-01-03,C001053
Committee on Oversight and Accountability,HSGO,2019-01-23,2021-01-03,C001108
Committee on Education and the Workforce,HSED,2019-01-23,2021-01-03,C001108
Committee on Agriculture,HSAG,2019-01-23,2021-01-03,C001108
Committee on Oversight and Accountability,HSGO,2019-01-23,2021-01-03,C001078
Committee on Foreign Affairs,HSFA,2019-01-17,2021-01-03,C001078
Committee on the Budget,HSBU,2019-02-13,2021-01-03,C000754
Committee on Oversight and Accountability,HSGO,2019-01-23,2021-01-03,C000754
Committee on Armed Services,HSAS,2019-01-15,2021-01-03,C000754
Committee on Homeland Security,HSHM,2019-01-23,2021-01-03,C001110
Committee on the Judiciary,HSJU,2019-01-16,2021-01-03,C001110
Committee on Natural Resources,HSII,2019-01-24,2021-01-03,C001059
Committee on Agriculture,HSAG,2019-01-17,2021-01-03,C001059
Committee on Foreign Affairs,HSFA,2019-01-17,2021-01-03,C001059
Committee on Education and the Workforce,HSED,2019-01-15,2021-01-03,C001069
Committee on Armed Services,HSAS,2019-01-15,2021-01-03,C001069
Committee on Small Business,HSSM,2019-02-26,2021-01-03,C001119
Committee on Agriculture,HSAG,2019-01-17,2021-01-03,C001119
Committee on Transportation and Infrastructure,HSPW,2017-01-17,2021-01-03,C001119
Permanent Select Committee on Intelligence,HSIG,2019-12-19,2021-01-03,C001087
Committee on Agriculture,HSAG,2019-01-23,2021-01-03,C001087
Committee on Transportation and Infrastructure,HSPW,2019-01-23,2021-01-03,C001087
Permanent Select Committee on Intelligence,HSIG,,2019-11-08,C001087
Committee on the Budget,HSBU,2019-01-24,2021-01-03,C001120
Committee on Homeland Security,HSHM,2019-01-23,2021-01-03,C001120
"Committee on Science, Space, and Technology",HSSY,2019-01-23,2021-01-03,C001111
Committee on Appropriations,HSAP,2019-01-15,2021-01-03,C001111
Committee on Small Business,HSSM,2019-01-24,2021-01-03,C001121
Committee on Armed Services,HSAS,2019-01-15,2021-01-03,C001121
Committee on Appropriations,HSAP,2019-01-15,2021-01-03,C001063
Committee on Natural Resources,HSII,2019-01-24,2021-01-03,C001114
Committee on Foreign Affairs,HSFA,2019-01-23,2021-01-03,C001114
Committee on Small Business,HSSM,2019-01-24,2021-01-03,D000629
Committee on Transportation and Infrastructure,HSPW,2017-01-17,2021-01-03,D000629
Committee on Financial Services,HSBA,2019-01-23,2021-01-03,D000626
Committee on Agriculture,HSAG,2019-01-23,2021-01-03,D000619
Committee on Transportation and Infrastructure,HSPW,2019-01-23,2021-01-03,D000619
Committee on Administration,HSHA,2019-01-09,2021-01-03,D000619
Select Committee on the Modernization of Congress,HSMH,,2021-01-03,D000619
Committee on Ways and Means,HSWM,2019-01-15,2021-01-03,D000096
Committee on Financial Services,HSBA,2019-01-17,2021-01-03,D000631
Committee on the Judiciary,HSJU,2019-01-16,2021-01-03,D000631
Committee on Transportation and Infrastructure,HSPW,2019-01-04,2021-01-03,D000191
Committee on Natural Resources,HSII,2019-01-24,2021-01-03,D000197
Committee on Energy and Commerce,HSIF,2019-01-15,2021-01-03,D000197
Committee on the Budget,HSBU,2019-01-24,2021-01-03,D000216
Committee on Appropriations,HSAP,2019-01-15,2021-01-03,D000216
Committee on Ways and Means,HSWM,2019-01-15,2021-01-03,D000617
Select Committee on the Modernization of Congress,HSMH,,2021-01-03,D000617
Committee on Small Business,HSSM,2019-01-24,2021-01-03,D000630
Committee on Agriculture,HSAG,2019-01-17,2021-01-03,D000630
Committee on Transportation and Infrastructure,HSPW,2017-01-17,2021-01-03,D000630
Committee on Homeland Security,HSHM,2019-01-23,2021-01-03,D000627
Committee on the Judiciary,HSJU,2019-01-16,2021-01-03,D000627
Permanent Select Committee on Intelligence,HSIG,2019-01-16,2021-01-03,D000627
Committee on Rules,HSRU,2019-02-13,2021-01-03,D000623
Committee on Oversight and Accountability,HSGO,2019-01-23,2021-01-03,D000623
Committee on Education and the Workforce,HSED,2019-01-15,2021-01-03,D000623
Committee on Transportation and Infrastructure,HSPW,2017-01-17,2021-01-03,D000623
Committee on Agriculture,HSAG,2019-01-23,2021-01-03,D000616
Committee on Armed Services,HSAS,2019-01-23,2021-01-03,D000616
Committee on Foreign Affairs,HSFA,2019-01-17,2021-01-03,D000610
Committee on the Judiciary,HSJU,2019-01-16,2021-01-03,D000610
Committee on Ethics,HSSO,2019-01-09,2021-01-03,D000610
Committee on Appropriations,HSAP,2019-01-23,2021-01-03,D000600
Committee on Natural Resources,HSII,2019-01-24,2021-01-03,D000624
Committee on Energy and Commerce,HSIF,2019-01-15,2021-01-03,D000624
Committee on the Budget,HSBU,2019-01-24,2021-01-03,D000399
Committee on Ways and Means,HSWM,2019-01-15,2021-01-03,D000399
Committee on Energy and Commerce,HSIF,2019-01-15,2021-01-03,D000482
Committee on Energy and Commerce,HSIF,2019-01-23,2021-01-03,D000615
"Committee on Science, Space, and Technology",HSSY,2019-01-23,2019-03-27,D000628
Committee on Veterans' Affairs,HSVR,2019-01-23,2021-01-03,D000628
Committee on Agriculture,HSAG,2019-01-23,2021-01-03,D000628
Committee on Financial Services,HSBA,2019-01-23,2021-01-03,E000294
Committee on the Judiciary,HSJU,2019-01-16,2021-01-03,E000299
Committee on Armed Services,HSAS,2019-01-15,2021-01-03,E000299
Committee on Energy and Commerce,HSIF,2019-01-15,2021-01-03,E000215
Committee on Small Business,HSSM,2019-01-24,2021-01-03,E000297
Committee on Foreign Affairs,HSFA,2019-01-17,2021-01-03,E000297
Committee on Transportation and Infrastructure,HSPW,2017-01-17,2021-01-03,E000297
Committee on Ways and Means,HSWM,,2021-01-03,E000298
Committee on Small Business,HSSM,2019-01-24,2021-01-03,E000296
Committee on Ways and Means,HSWM,2019-01-15,2021-01-03,E000296
Committee on Ways and Means,HSWM,,2021-01-03,F000465
Committee on Foreign Affairs,HSFA,2019-01-23,2021-01-03,F000466
Committee on Transportation and Infrastructure,HSPW,2019-01-23,2021-01-03,F000466
Committee on Appropriations,HSAP,2019-01-23,2021-01-03,F000459
"Committee on Science, Space, and Technology",HSSY,2019-01-23,2021-01-03,F000468
Committee on Transportation and Infrastructure,HSPW,2017-01-17,2021-01-03,F000468
Committee on Appropriations,HSAP,2019-01-23,2021-01-03,F000449
"Committee on Science, Space, and Technology",HSSY,2019-01-23,2021-01-03,F000454
Committee on Financial Services,HSBA,2019-01-17,2021-01-03,F000454
Committee on Oversight and Accountability,HSGO,2019-01-23,2021-01-03,F000450
Committee on Education and the Workforce,HSED,2019-01-04,2021-01-03,F000450
Committee on Appropriations,HSAP,2019-01-15,2021-01-03,F000462
Committee on Administration,HSHA,2019-01-29,2021-01-03,F000455
Committee on Agriculture,HSAG,2019-01-17,2021-01-03,F000455
Committee on Education and the Workforce,HSED,2019-01-15,2021-01-03,F000455
Committee on Natural Resources,HSII,2019-01-24,2021-01-03,F000469
Committee on Education and the Workforce,HSED,2019-01-23,2021-01-03,F000469
Committee on the Judiciary,HSJU,2019-01-23,2021-01-03,G000578
Committee on Armed Services,HSAS,2019-01-23,2021-01-03,G000578
Committee on Armed Services,HSAS,2019-01-23,2021-01-03,G000579
Committee on Transportation and Infrastructure,HSPW,2019-01-23,2021-01-03,G000579
Committee on Natural Resources,HSII,2019-01-24,2021-01-03,G000574
Committee on Armed Services,HSAS,2019-01-15,2021-01-03,G000574
Committee on Armed Services,HSAS,2019-01-15,2021-01-03,G000559
Committee on Transportation and Infrastructure,HSPW,2017-01-17,2021-01-03,G000559
Committee on Natural Resources,HSII,2020-01-14,2021-01-03,G000586
Committee on Financial Services,HSBA,2019-01-17,2021-01-03,G000586
Committee on Transportation and Infrastructure,HSPW,2017-01-17,2021-01-03,G000586
Committee on Financial Services,HSBA,2019-01-17,2021-01-03,G000587
Committee on the Judiciary,HSJU,2019-01-16,2021-01-03,G000587
Committee on Oversight and Accountability,HSGO,2019-01-23,2021-01-03,G000563
Committee on Transportation and Infrastructure,HSPW,2019-01-23,2021-01-03,G000563
Committee on Natural Resources,HSII,2019-01-24,2021-01-03,G000552
Committee on the Judiciary,HSJU,2019-01-23,2021-01-03,G000552
Committee on Small Business,HSSM,2019-01-24,2021-01-03,G000592
Committee on Armed Services,HSAS,2019-01-15,2021-01-03,G000592
Committee on Oversight and Accountability,HSGO,2019-01-23,2021-01-03,G000585
Committee on Ways and Means,HSWM,2019-01-15,2021-01-03,G000585
"Committee on Science, Space, and Technology",HSSY,2019-01-23,2021-01-03,G000588
Committee on Financial Services,HSBA,2019-01-23,2021-01-03,G000588
Committee on Financial Services,HSBA,2019-01-17,2021-01-03,G000581
Committee on Foreign Affairs,HSFA,2019-01-17,2021-01-03,G000581
"Committee on Science, Space, and Technology",HSSY,2019-03-28,2019-09-25,G000582
Committee on Natural Resources,HSII,2019-01-24,2021-01-03,G000582
Committee on Transportation and Infrastructure,HSPW,2019-01-23,2021-01-03,G000582
Committee on Financial Services,HSBA,2019-01-23,2021-01-03,G000589
Committee on Natural Resources,HSII,2019-01-24,2021-01-03,G000565
Committee on Oversight and Accountability,HSGO,2019-01-23,2021-01-03,G000565
Committee on Financial Services,HSBA,2019-01-17,2021-01-03,G000583
Committee on Appropriations,HSAP,2019-01-03,2021-01-03,G000377
Committee on Natural Resources,HSII,2019-01-24,2021-01-03,G000577
Committee on Transportation and Infrastructure,HSPW,2019-01-23,2021-01-03,G000577
Select Committee on the Climate Crisis,HSCN,,2021-01-03,G000577
Committee on Armed Services,HSAS,2019-01-23,2021-01-03,G000546
Committee on Transportation and Infrastructure,HSPW,2019-01-04,2021-01-03,G000546
Committee on Oversight and Accountability,HSGO,2019-01-23,2021-01-03,G000590
Committee on Homeland Security,HSHM,2019-01-23,2021-01-03,G000590
Committee on Homeland Security,HSHM,2019-01-23,2021-01-03,G000553
Committee on Financial Services,HSBA,2019-01-17,2021-01-03,G000553
Committee on Energy and Commerce,HSIF,2019-01-23,2021-01-03,G000568
Select Committee on the Climate Crisis,HSCN,,2021-01-03,G000568
Committee on Education and the Workforce,HSED,2019-01-15,2021-01-03,G000551
Committee on Natural Resources,HSII,2019-01-04,2021-01-03,G000551
Committee on Education and the Workforce,HSED,2019-01-23,2021-01-03,G000576
Committee on Oversight and Accountability,HSGO,2019-01-23,2021-01-03,G000576
Committee on Ethics,HSSO,2019-02-08,2021-01-03,G000591
Committee on Homeland Security,HSHM,2019-01-23,2021-01-03,G000591
Committee on Foreign Affairs,HSFA,2019-01-23,2021-01-03,G000591
Committee on Education and the Workforce,HSED,2019-01-23,2021-01-03,G000558
Committee on Energy and Commerce,HSIF,2019-01-23,2021-01-03,G000558
Committee on Oversight and Accountability,HSGO,2019-12-19,2021-01-03,H001080
Committee on Natural Resources,HSII,2019-01-24,2021-01-03,H001080
Committee on Armed Services,HSAS,2019-01-15,2021-01-03,H001080
Committee on Small Business,HSSM,2019-01-24,2021-01-03,H001088
Committee on Agriculture,HSAG,2019-01-23,2021-01-03,H001088
Committee on Agriculture,HSAG,2019-01-17,2021-01-03,H001090
Committee on Education and the Workforce,HSED,2019-01-15,2021-01-03,H001090
Committee on Appropriations,HSAP,2019-01-23,2021-01-03,H001052
Committee on Agriculture,HSAG,2019-01-23,2021-01-03,H001053
Committee on Armed Services,HSAS,2019-01-23,2021-01-03,H001053
Committee on Rules,HSRU,2019-01-04,2021-01-03,H000324
Committee on Agriculture,HSAG,2019-01-17,2021-01-03,H001081
Committee on Education and the Workforce,HSED,2019-01-15,2021-01-03,H001081
Committee on Small Business,HSSM,2019-01-24,2021-01-03,H001082
Committee on Natural Resources,HSII,2019-01-24,2021-01-03,H001082
Committee on the Budget,HSBU,2019-01-24,2021-01-03,H001082
"Committee on Science, Space, and Technology",HSSY,2019-03-28,2020-01-15,H001056
Committee on Appropriations,HSAP,2019-01-23,2021-01-03,H001056
Committee on Natural Resources,HSII,2019-01-24,2021-01-03,H001071
Committee on Oversight and Accountability,HSGO,2019-01-23,2021-01-03,H001071
Committee on the Budget,HSBU,2019-01-24,2021-01-03,H001038
Committee on Ways and Means,HSWM,2019-01-15,2021-01-03,H001038
Committee on Oversight and Accountability,HSGO,2019-01-23,2021-01-03,H001077
Committee on Homeland Security,HSHM,2019-01-23,2021-01-03,H001077
Committee on Financial Services,HSBA,2019-01-23,2021-01-03,H001072
Committee on Financial Services,HSBA,2019-01-17,2021-01-03,H001047
Permanent Select Committee on Intelligence,HSIG,2019-01-16,2021-01-03,H001047
Committee on Financial Services,HSBA,2019-01-23,2021-01-03,H001074
Committee on the Budget,HSBU,2019-01-24,2021-01-03,H001066
Committee on Natural Resources,HSII,2019-01-24,2021-01-03,H001066
Committee on Ways and Means,HSWM,2019-01-15,2021-01-03,H001066
Committee on Small Business,HSSM,2019-01-24,2021-01-03,H001085
Committee on Foreign Affairs,HSFA,2019-01-17,2021-01-03,H001085
Committee on Armed Services,HSAS,2019-01-15,2021-01-03,H001085
Committee on Energy and Commerce,HSIF,2019-01-23,2021-01-03,H001067
Committee on Natural Resources,HSII,2019-01-24,2021-01-03,H001068
Committee on Transportation and Infrastructure,HSPW,2017-01-17,2021-01-03,H001068
Select Committee on the Climate Crisis,HSCN,,2021-01-03,H001068
Committee on Financial Services,HSBA,2019-01-23,2021-01-03,H001058
Committee on the Budget,HSBU,2019-01-24,2021-01-03,J000032
Committee on Homeland Security,HSHM,2019-01-23,2021-01-03,J000032
Committee on the Judiciary,HSJU,2019-01-16,2021-01-03,J000032
Committee on the Budget,HSBU,2019-01-24,2021-01-03,J000298
Committee on the Judiciary,HSJU,2019-01-16,2021-01-03,J000298
Committee on Education and the Workforce,HSED,2019-01-15,2021-01-03,J000298
Committee on the Budget,HSBU,2019-01-24,2021-01-03,J000294
Committee on the Judiciary,HSJU,2019-01-16,2021-01-03,J000294
Committee on the Judiciary,HSJU,2019-01-16,2021-01-03,J000288
Committee on Transportation and Infrastructure,HSPW,2017-01-17,2021-01-03,J000288
"Committee on Science, Space, and Technology",HSSY,2019-01-04,2021-01-03,J000126
Committee on Transportation and Infrastructure,HSPW,2017-01-17,2021-01-03,J000126
Committee on Natural Resources,HSII,2019-01-24,2021-01-03,J000299
Committee on the Judiciary,HSJU,2019-01-23,2021-01-03,J000299
Committee on the Budget,HSBU,2019-01-24,2021-01-03,J000292
Committee on Energy and Commerce,HSIF,2019-01-23,2021-01-03,J000292
Committee on Education and the Workforce,HSED,2019-01-23,2021-01-03,J000301
Committee on Agriculture,HSAG,2019-01-23,2021-01-03,J000301
Permanent Select Committee on Intelligence,HSIG,2019-11-08,2019-12-19,J000289
Committee on the Judiciary,HSJU,2019-01-23,2021-01-03,J000289
Committee on Oversight and Accountability,HSGO,2019-01-04,2021-01-03,J000289
Committee on Small Business,HSSM,2019-01-24,2021-01-03,J000302
Committee on Homeland Security,HSHM,2019-01-23,2021-01-03,J000302
Committee on Appropriations,HSAP,2019-01-23,2021-01-03,J000295
Committee on Appropriations,HSAP,2019-01-15,2021-01-03,K000009
Committee on Homeland Security,HSHM,2019-01-23,2021-01-03,K000386
Committee on Transportation and Infrastructure,HSPW,2019-01-23,2021-01-03,K000386
Committee on Foreign Affairs,HSFA,2019-01-17,2021-01-03,K000375
Committee on Armed Services,HSAS,2019-01-15,2021-01-03,K000375
Committee on Education and the Workforce,HSED,2019-07-10,2021-01-03,K000395
Committee on Oversight and Accountability,HSGO,2019-07-10,2021-01-03,K000395
Committee on Ways and Means,HSWM,,2021-01-03,K000376
Committee on Oversight and Accountability,HSGO,2019-01-23,2021-01-03,K000385
Committee on Energy and Commerce,HSIF,2019-01-15,2021-01-03,K000385
Committee on Small Business,HSSM,2019-01-24,2019-09-25,K000388
Committee on Agriculture,HSAG,2019-01-23,2021-01-03,K000388
Committee on Armed Services,HSAS,2019-01-23,2021-01-03,K000388
Committee on the Budget,HSBU,2019-01-24,2021-01-03,K000389
Committee on Oversight and Accountability,HSGO,2019-01-23,2021-01-03,K000389
Committee on Armed Services,HSAS,2019-01-15,2021-01-03,K000389
Committee on the Budget,HSBU,2019-01-24,2021-01-03,K000380
Committee on Ways and Means,HSWM,2019-01-15,2021-01-03,K000380
Committee on Appropriations,HSAP,2019-01-15,2021-01-03,K000381
Select Committee on the Modernization of Congress,HSMH,,2021-01-03,K000381
Committee on Small Business,HSSM,2019-01-24,2021-01-03,K000394
Committee on Armed Services,HSAS,2019-01-15,2021-01-03,K000394
Committee on Ways and Means,HSWM,2019-01-15,2021-01-03,K000188
Committee on Foreign Affairs,HSFA,2019-01-23,2021-01-03,K000378
Committee on Energy and Commerce,HSIF,2019-01-23,2021-01-03,K000378
Committee on Agriculture,HSAG,2019-01-17,2021-01-03,K000368
Committee on Appropriations,HSAP,2019-01-15,2021-01-03,K000368
Committee on Oversight and Accountability,HSGO,2019-01-23,2021-01-03,K000391
Permanent Select Committee on Intelligence,HSIG,2019-01-16,2021-01-03,K000391
Committee on Energy and Commerce,HSIF,2019-01-15,2021-01-03,K000382
Committee on Financial Services,HSBA,2019-01-23,2021-01-03,K000392
Committee on Ways and Means,HSWM,,2021-01-03,L000585
Committee on Agriculture,HSAG,2019-01-23,2021-01-03,L000578
Committee on Transportation and Infrastructure,HSPW,2019-01-23,2021-01-03,L000578
Committee on Transportation and Infrastructure,HSPW,2019-11-19,2021-01-03,L000588
"Committee on Science, Space, and Technology",HSSY,2019-01-23,2021-01-03,L000588
Committee on Veterans' Affairs,HSVR,2019-01-17,2021-01-03,L000588
Committee on Natural Resources,HSII,2019-01-24,2021-01-03,L000564
Committee on Armed Services,HSAS,2019-01-23,2021-01-03,L000564
Committee on Homeland Security,HSHM,2019-01-23,2021-01-03,L000559
Committee on Armed Services,HSAS,2019-01-15,2021-01-03,L000559
Committee on Armed Services,HSAS,2019-01-15,2021-01-03,L000560
Committee on Transportation and Infrastructure,HSPW,2017-01-17,2021-01-03,L000560
Committee on Ways and Means,HSWM,2019-01-15,2021-01-03,L000557
Committee on Energy and Commerce,HSIF,2019-01-23,2021-01-03,L000566
Committee on Oversight and Accountability,HSGO,2019-01-23,2021-01-03,L000581
Committee on Appropriations,HSAP,2019-01-15,2021-01-03,L000581
Committee on Financial Services,HSBA,2019-01-17,2021-01-03,L000586
Committee on Agriculture,HSAG,2019-01-17,2021-01-03,L000586
Committee on the Budget,HSBU,2019-01-24,2021-01-03,L000551
Committee on Appropriations,HSAP,2019-01-15,2021-01-03,L000551
Committee on Veterans' Affairs,HSVR,2019-01-17,2021-01-03,L000590
Committee on Education and the Workforce,HSED,2019-01-15,2021-01-03,L000590
Committee on the Judiciary,HSJU,2019-01-23,2021-01-03,L000589
Committee on Homeland Security,HSHM,2019-01-23,2021-01-03,L000589
Committee on Rules,HSRU,2019-01-04,2021-01-03,L000589
Committee on Natural Resources,HSII,2019-01-24,2021-01-03,L000593
Committee on Veterans' Affairs,HSVR,2019-01-17,2021-01-03,L000593
Select Committee on the Climate Crisis,HSCN,,2021-01-03,L000593
Committee on Foreign Affairs,HSFA,2019-01-17,2021-01-03,L000592
Committee on Education and the Workforce,HSED,2019-01-15,2021-01-03,L000592
Committee on Foreign Affairs,HSFA,2019-01-17,2021-01-03,L000582
Committee on the Judiciary,HSJU,2019-01-16,2021-01-03,L000582
"Committee on Science, Space, and Technology",HSSY,2019-01-23,2021-01-03,L000397
Committee on the Judiciary,HSJU,2019-01-16,2021-01-03,L000397
Committee on Administration,HSHA,2019-01-09,2021-01-03,L000397
Select Committee on the Modernization of Congress,HSMH,,2021-01-03,L000397
Committee on Energy and Commerce,HSIF,2019-01-23,2021-01-03,L000576
Committee on Administration,HSHA,2019-02-06,2021-01-03,L000583
Committee on Financial Services,HSBA,2019-01-23,2021-01-03,L000583
Committee on Natural Resources,HSII,2019-01-24,2021-01-03,L000579
Committee on Transportation and Infrastructure,HSPW,2017-01-17,2021-01-03,L000579
Committee on Financial Services,HSBA,2019-01-23,2021-01-03,L000491
"Committee on Science, Space, and Technology",HSSY,2019-01-04,2021-01-03,L000491
Committee on Financial Services,HSBA,2019-01-23,2021-01-03,L000569
Committee on Veterans' Affairs,HSVR,2019-01-17,2021-01-03,L000591
Committee on Armed Services,HSAS,2019-01-15,2021-01-03,L000591
Committee on Oversight and Accountability,HSGO,2019-01-23,2021-01-03,L000562
Committee on Financial Services,HSBA,2019-01-17,2021-01-03,L000562
Committee on Transportation and Infrastructure,HSPW,2017-01-17,2021-01-03,L000562
Committee on Foreign Affairs,HSFA,2019-01-17,2021-01-03,M001203
Committee on Transportation and Infrastructure,HSPW,2017-01-17,2021-01-03,M001203
Committee on Agriculture,HSAG,2019-01-17,2021-01-03,M001185
Permanent Select Committee on Intelligence,HSIG,2019-01-16,2021-01-03,M001185
Committee on Transportation and Infrastructure,HSPW,2017-01-17,2021-01-03,M001185
Committee on Oversight and Accountability,HSGO,2019-01-23,2021-01-03,M000087
Committee on Financial Services,HSBA,2019-01-17,2021-01-03,M000087
Committee on Oversight and Accountability,HSGO,2019-01-23,2021-01-03,M001184
Committee on Transportation and Infrastructure,HSPW,2019-01-23,2021-01-03,M001184
Committee on Foreign Affairs,HSFA,2019-01-23,2021-01-03,M001199
Committee on Transportation and Infrastructure,HSPW,2019-01-23,2021-01-03,M001199
Committee on Energy and Commerce,HSIF,2019-01-15,2021-01-03,M001163
Committee on the Judiciary,HSJU,2019-01-16,2021-01-03,M001208
Committee on Education and the Workforce,HSED,2019-01-15,2021-01-03,M001208
Committee on Homeland Security,HSHM,2019-01-23,2021-01-03,M001157
Committee on Foreign Affairs,HSFA,2019-01-04,2021-01-03,M001157
Committee on Natural Resources,HSII,2019-01-24,2021-01-03,M001177
Committee on the Judiciary,HSJU,2019-01-23,2021-01-03,M001177
Committee on Appropriations,HSAP,2019-01-15,2021-01-03,M001143
Committee on Natural Resources,HSII,2019-01-24,2021-01-03,M001200
Committee on Energy and Commerce,HSIF,2019-01-15,2021-01-03,M001200
Select Committee on the Climate Crisis,HSCN,,2021-01-03,M001200
Committee on Agriculture,HSAG,2019-01-17,2021-01-03,M000312
Committee on Rules,HSRU,2019-01-03,2021-01-03,M000312
Committee on Financial Services,HSBA,2019-01-03,2021-01-03,M001156
Committee on Energy and Commerce,HSIF,2019-01-23,2021-01-03,M001180
Committee on Energy and Commerce,HSIF,2019-01-23,2021-01-03,M001159
"Committee on Science, Space, and Technology",HSSY,2019-01-23,2021-01-03,M001166
Committee on Energy and Commerce,HSIF,2019-01-15,2021-01-03,M001166
Committee on Financial Services,HSBA,2019-01-17,2021-01-03,M001137
Committee on Foreign Affairs,HSFA,2019-01-17,2021-01-03,M001137
Committee on Ethics,HSSO,2019-02-13,2021-01-03,M001188
Committee on Appropriations,HSAP,2019-01-15,2021-01-03,M001188
Committee on the Budget,HSBU,2019-01-24,2021-01-03,M001204
Committee on Education and the Workforce,HSED,2019-01-23,2021-01-03,M001204
Committee on Veterans' Affairs,HSVR,2019-01-23,2021-01-03,M001204
Committee on Oversight and Accountability,HSGO,2019-01-23,2021-01-03,M001205
Committee on Transportation and Infrastructure,HSPW,2019-01-23,2021-01-03,M001205
Select Committee on the Climate Crisis,HSCN,,2021-01-03,M001205
Committee on Appropriations,HSAP,2019-01-23,2021-01-03,M001194
Committee on Financial Services,HSBA,2019-01-23,2021-01-03,M001195
Committee on Ways and Means,HSWM,2019-01-15,2021-01-03,M001160
Committee on the Budget,HSBU,2019-01-24,2021-01-03,M001206
Committee on Education and the Workforce,HSED,2019-01-15,2021-01-03,M001206
Committee on Rules,HSRU,2019-01-04,2021-01-03,M001206
Committee on the Budget,HSBU,2019-01-24,2021-01-03,M001196
Committee on Armed Services,HSAS,2019-01-15,2021-01-03,M001196
Committee on Energy and Commerce,HSIF,2019-01-23,2021-01-03,M001190
Committee on Education and the Workforce,HSED,2019-09-26,2021-01-03,M001210
"Committee on Science, Space, and Technology",HSSY,2019-09-26,2021-01-03,M001210
Committee on Ways and Means,HSWM,2019-01-15,2021-01-03,M001202
Committee on the Judiciary,HSJU,2019-01-04,2021-01-03,N000002
Committee on Natural Resources,HSII,2019-01-24,2021-01-03,N000179
Committee on Transportation and Infrastructure,HSPW,2017-01-17,2021-01-03,N000179
Committee on Ways and Means,HSWM,2019-01-03,2021-01-03,N000015
Committee on Natural Resources,HSII,2019-01-24,2021-01-03,N000191
Committee on the Judiciary,HSJU,2019-01-16,2021-01-03,N000191
Select Committee on the Climate Crisis,HSCN,,2021-01-03,N000191
Committee on Appropriations,HSAP,2019-01-23,2021-01-03,N000189
Select Committee on the Modernization of Congress,HSMH,,2021-01-03,N000189
Committee on Education and the Workforce,HSED,2019-01-15,2021-01-03,N000188
Committee on Armed Services,HSAS,2019-01-15,2021-01-03,N000188
Committee on the Budget,HSBU,2019-01-24,2021-01-03,N000190
"Committee on Science, Space, and Technology",HSSY,2019-01-23,2021-01-03,N000190
Committee on Oversight and Accountability,HSGO,2019-01-23,2021-01-03,N000190
Committee on Oversight and Accountability,HSGO,2019-01-23,2021-01-03,N000147
Committee on Transportation and Infrastructure,HSPW,2017-01-17,2021-01-03,N000147
Permanent Select Committee on Intelligence,HSIG,,2021-01-03,N000181
Committee on Ways and Means,HSWM,,2021-01-03,N000181
Committee on Agriculture,HSAG,2019-01-17,2021-01-03,O000171
Committee on Energy and Commerce,HSIF,2019-01-15,2021-01-03,O000171
Committee on Oversight and Accountability,HSGO,2019-01-23,2021-01-03,O000172
Committee on Financial Services,HSBA,2019-01-17,2021-01-03,O000172
Committee on the Budget,HSBU,2019-01-24,2021-01-03,O000173
Committee on Foreign Affairs,HSFA,2019-01-17,2021-01-03,O000173
Committee on Education and the Workforce,HSED,2019-01-15,2021-01-03,O000173
Committee on Appropriations,HSAP,2019-01-23,2021-01-03,P000601
Committee on Energy and Commerce,HSIF,2019-01-03,2021-01-03,P000034
Committee on Transportation and Infrastructure,HSPW,2019-01-23,2021-01-03,P000609
Select Committee on the Climate Crisis,HSCN,,2021-01-03,P000609
Committee on the Budget,HSBU,2019-01-24,2021-01-03,P000613
Committee on Agriculture,HSAG,2019-01-17,2021-01-03,P000613
Committee on Ways and Means,HSWM,2019-01-15,2021-01-03,P000613
Committee on Veterans' Affairs,HSVR,2019-01-17,2021-01-03,P000614
Committee on Transportation and Infrastructure,HSPW,2017-01-17,2021-01-03,P000614
Committee on Ways and Means,HSWM,2019-01-15,2021-01-03,P000096
Committee on Homeland Security,HSHM,2019-01-23,2021-01-03,P000604
Committee on Transportation and Infrastructure,HSPW,2017-01-17,2021-01-03,P000604
Committee on Foreign Affairs,HSFA,2019-01-23,2021-01-03,P000615
Committee on Transportation and Infrastructure,HSPW,2019-01-23,2021-01-03,P000615
"Committee on Science, Space, and Technology",HSSY,2019-01-23,2021-01-03,P000593
Committee on Financial Services,HSBA,2019-01-17,2021-01-03,P000593
Committee on Rules,HSRU,2019-01-08,2021-01-03,P000593
Committee on Foreign Affairs,HSFA,2019-01-23,2021-01-03,P000605
Committee on Transportation and Infrastructure,HSPW,2019-01-23,2021-01-03,P000605
Committee on the Budget,HSBU,2019-02-13,2021-01-03,P000608
Committee on Energy and Commerce,HSIF,2019-01-15,2021-01-03,P000608
Committee on Ethics,HSSO,2019-02-13,2021-01-03,P000616
Committee on Financial Services,HSBA,2019-01-17,2021-01-03,P000616
Committee on Foreign Affairs,HSFA,2019-01-17,2021-01-03,P000616
Committee on Agriculture,HSAG,2019-01-17,2021-01-03,P000597
Committee on Appropriations,HSAP,2019-01-15,2021-01-03,P000597
Committee on Oversight and Accountability,HSGO,2019-01-23,2021-01-03,P000610
Committee on Agriculture,HSAG,2019-01-17,2021-01-03,P000610
Committee on Transportation and Infrastructure,HSPW,2017-01-17,2021-01-03,P000610
Committee on Appropriations,HSAP,2019-01-15,2021-01-03,P000607
Select Committee on the Modernization of Congress,HSMH,,2021-01-03,P000607
Committee on Oversight and Accountability,HSGO,2019-12-19,2021-01-03,P000618
Committee on Financial Services,HSBA,2019-01-17,2021-01-03,P000618
Committee on Financial Services,HSBA,2019-01-23,2021-01-03,P000599
"Committee on Science, Space, and Technology",HSSY,2019-01-23,2021-01-03,P000599
Committee on Oversight and Accountability,HSGO,2019-01-23,2021-01-03,P000617
Committee on Financial Services,HSBA,2019-01-17,2021-01-03,P000617
Committee on the Budget,HSBU,2019-01-24,2021-01-03,P000523
Committee on Appropriations,HSAP,2019-01-15,2021-01-03,P000523
Permanent Select Committee on Intelligence,HSIG,2019-01-16,2021-01-03,Q000023
Committee on Appropriations,HSAP,2019-01-15,2021-01-03,Q000023
Committee on Natural Resources,HSII,2019-01-24,2021-01-03,R000600
Committee on Small Business,HSSM,2019-01-24,2021-01-03,R000600
Committee on Veterans' Affairs,HSVR,2019-01-23,2021-01-03,R000600
Committee on Administration,HSHA,2019-01-29,2021-01-03,R000606
Committee on Oversight and Accountability,HSGO,2019-01-23,2021-01-03,R000606
Committee on the Judiciary,HSJU,2019-01-16,2021-01-03,R000606
Committee on Rules,HSRU,2019-01-04,2021-01-03,R000606
Committee on Ways and Means,HSWM,,2021-01-03,R000585
Committee on the Judiciary,HSJU,2019-01-23,2021-01-03,R000610
Committee on Foreign Affairs,HSFA,2019-01-23,2021-01-03,R000610
Committee on Homeland Security,HSHM,2019-01-23,2021-01-03,R000602
Committee on Veterans' Affairs,HSVR,2019-01-17,2021-01-03,R000602
Committee on Ways and Means,HSWM,,2021-01-03,R000597
Committee on Homeland Security,HSHM,2019-01-23,2021-01-03,R000588
Committee on the Judiciary,HSJU,2019-01-16,2021-01-03,R000588
Committee on Armed Services,HSAS,2019-01-23,2021-01-03,R000575
Committee on Homeland Security,HSHM,2019-01-04,2021-01-03,R000575
Committee on Appropriations,HSAP,2019-01-23,2021-01-03,R000395
Committee on Financial Services,HSBA,2019-01-23,2021-01-03,R000612
Committee on Agriculture,HSAG,2019-01-23,2021-01-03,R000603
Committee on Transportation and Infrastructure,HSPW,2019-01-23,2021-01-03,R000603
Committee on the Budget,HSBU,2019-01-24,2021-01-03,R000614
Committee on Oversight and Accountability,HSGO,2019-01-23,2021-01-03,R000614
Committee on Veterans' Affairs,HSVR,2019-01-23,2021-01-03,R000614
Committee on Appropriations,HSAP,2019-01-15,2021-01-03,R000486
Committee on Energy and Commerce,HSIF,2019-01-15,2021-01-03,R000599
Committee on Appropriations,HSAP,2019-01-15,2021-01-03,R000576
Committee on Energy and Commerce,HSIF,2019-01-15,2021-01-03,R000515
Committee on Appropriations,HSAP,2019-01-23,2021-01-03,R000609
Committee on Appropriations,HSAP,2019-01-15,2021-01-03,R000577
Committee on Natural Resources,HSII,2019-01-24,2021-01-03,S001177
Committee on Veterans' Affairs,HSVR,2019-01-17,2021-01-03,S001177
Committee on Education and the Workforce,HSED,2019-01-15,2021-01-03,S001177
Committee on Natural Resources,HSII,2019-01-24,2021-01-03,S001204
Committee on Financial Services,HSBA,2019-01-17,2021-01-03,S001204
Committee on Ways and Means,HSWM,2019-01-15,2021-01-03,S001156
Committee on Oversight and Accountability,HSGO,2019-01-23,2021-01-03,S001168
Committee on Energy and Commerce,HSIF,2019-01-15,2021-01-03,S001168
Committee on Energy and Commerce,HSIF,2019-01-23,2021-01-03,S001176
Committee on the Judiciary,HSJU,2019-01-16,2021-01-03,S001205
Committee on Rules,HSRU,2019-01-04,2021-01-03,S001205
Select Committee on the Modernization of Congress,HSMH,,2021-01-03,S001205
Committee on the Budget,HSBU,2019-01-24,2021-01-03,S001145
Committee on Energy and Commerce,HSIF,2019-01-15,2021-01-03,S001145
Permanent Select Committee on Intelligence,HSIG,2019-01-03,2021-01-03,S001150
Committee on Small Business,HSSM,2019-01-24,2021-01-03,S001190
Committee on Ways and Means,HSWM,2019-01-15,2021-01-03,S001190
Committee on Energy and Commerce,HSIF,2019-01-15,2021-01-03,S001180
Committee on Agriculture,HSAG,2019-01-17,2021-01-03,S001216
Committee on Education and the Workforce,HSED,2019-01-15,2021-01-03,S001216
Committee on Ways and Means,HSWM,,2021-01-03,S001183
Committee on Financial Services,HSBA,2019-01-17,2021-01-03,S001157
Committee on Agriculture,HSAG,2019-01-17,2021-01-03,S001157
Committee on the Budget,HSBU,2019-01-24,2021-01-03,S000185
Committee on Education and the Workforce,HSED,2019-01-04,2021-01-03,S000185
Committee on Agriculture,HSAG,2019-01-23,2021-01-03,S001189
Committee on Armed Services,HSAS,2019-01-23,2021-01-03,S001189
Permanent Select Committee on Intelligence,HSIG,2019-01-16,2021-01-03,S001185
Committee on Ways and Means,HSWM,2019-01-15,2021-01-03,S001185
"Committee on Science, Space, and Technology",HSSY,2019-01-23,2021-01-03,S000344
Committee on Financial Services,HSBA,2019-01-17,2021-01-03,S000344
Committee on Foreign Affairs,HSFA,2019-01-17,2021-01-03,S000344
"Committee on Science, Space, and Technology",HSSY,2019-01-23,2021-01-03,S001207
Committee on Armed Services,HSAS,2019-01-15,2021-01-03,S001207
Committee on Appropriations,HSAP,2019-01-23,2021-01-03,S001148
Committee on the Budget,HSBU,2019-02-13,2021-01-03,S001165
Committee on Foreign Affairs,HSFA,2019-01-17,2021-01-03,S001165
Committee on Transportation and Infrastructure,HSPW,2017-01-17,2021-01-03,S001165
Committee on Homeland Security,HSHM,2019-01-23,2021-01-03,S001208
Committee on Armed Services,HSAS,2019-01-15,2021-01-03,S001208
Committee on the Budget,HSBU,2019-01-24,2021-01-03,S001195
Committee on Ways and Means,HSWM,,2021-01-03,S001195
Committee on Ways and Means,HSWM,,2021-01-03,S001172
Committee on Armed Services,HSAS,2019-01-04,2021-01-03,S000510
Committee on Foreign Affairs,HSFA,2019-01-23,2021-01-03,S000522
Committee on Education and the Workforce,HSED,2019-01-23,2021-01-03,S001199
Committee on Transportation and Infrastructure,HSPW,2019-01-23,2021-01-03,S001199
Committee on Natural Resources,HSII,2019-01-24,2021-01-03,S001200
Committee on Energy and Commerce,HSIF,2019-01-15,2021-01-03,S001200
Committee on Agriculture,HSAG,2019-01-17,2021-01-03,S001209
Committee on Foreign Affairs,HSFA,2019-01-17,2021-01-03,S001209
Committee on Oversight and Accountability,HSGO,2019-01-23,2021-01-03,S001175
Permanent Select Committee on Intelligence,HSIG,2019-01-16,2021-01-03,S001175
Committee on Armed Services,HSAS,2019-01-15,2021-01-03,S001175
Committee on the Judiciary,HSJU,2019-01-16,2021-01-03,S001211
Committee on Transportation and Infrastructure,HSPW,2017-01-17,2021-01-03,S001211
Committee on Small Business,HSSM,2019-01-24,2021-01-03,S001212
Committee on Transportation and Infrastructure,HSPW,2019-01-23,2021-01-03,S001212
Committee on Education and the Workforce,HSED,2019-01-23,2021-01-03,S001196
Committee on Armed Services,HSAS,2019-01-23,2021-01-03,S001196
Permanent Select Committee on Intelligence,HSIG,,2021-01-03,S001196
Committee on Financial Services,HSBA,2019-01-23,2021-01-03,S001213
Committee on Oversight and Accountability,HSGO,2019-01-23,2021-01-03,S001214
Committee on the Judiciary,HSJU,2019-01-23,2021-01-03,S001214
Committee on Veterans' Affairs,HSVR,2019-01-23,2021-01-03,S001214
"Committee on Science, Space, and Technology",HSSY,2019-01-23,2021-01-03,S001215
Committee on Education and the Workforce,HSED,2019-01-15,2021-01-03,S001215
Committee on the Budget,HSBU,2019-01-24,2021-01-03,S001192
Committee on Appropriations,HSAP,2019-01-23,2021-01-03,S001192
Permanent Select Committee on Intelligence,HSIG,,2021-01-03,S001192
Committee on Financial Services,HSBA,2019-01-23,2021-01-03,S001187
Committee on Ways and Means,HSWM,2019-01-15,2021-01-03,S001201
Committee on the Judiciary,HSJU,2019-01-16,2021-01-03,S001193
Permanent Select Committee on Intelligence,HSIG,2019-01-16,2021-01-03,S001193
Committee on Education and the Workforce,HSED,2019-01-15,2021-01-03,T000472
Committee on Veterans' Affairs,HSVR,2019-01-04,2021-01-03,T000472
Committee on Financial Services,HSBA,2020-01-16,2021-01-03,T000479
Committee on Education and the Workforce,HSED,2019-01-23,2020-01-15,T000479
Committee on Homeland Security,HSHM,2019-01-23,2020-01-15,T000479
Committee on Ways and Means,HSWM,2019-01-15,2021-01-03,T000460
Committee on Education and the Workforce,HSED,2019-01-23,2021-01-03,T000467
Committee on Agriculture,HSAG,2019-01-23,2021-01-03,T000467
Committee on Homeland Security,HSHM,2019-01-04,2021-01-03,T000193
Committee on Financial Services,HSBA,2019-09-26,2021-01-03,T000480
Committee on the Budget,HSBU,2019-01-24,2019-09-26,T000480
Committee on Education and the Workforce,HSED,2019-01-23,2019-09-26,T000480
Select Committee on the Modernization of Congress,HSMH,,2021-01-03,T000480
Committee on Homeland Security,HSHM,2019-01-23,2021-01-03,T000468
Committee on Foreign Affairs,HSFA,2019-01-17,2021-01-03,T000468
Committee on Transportation and Infrastructure,HSPW,2017-01-17,2021-01-03,T000468
Committee on Oversight and Accountability,HSGO,2019-01-23,2021-01-03,T000481
Committee on Financial Services,HSBA,2019-01-17,2021-01-03,T000481
Committee on Natural Resources,HSII,2019-02-26,2021-01-03,T000469
"Committee on Science, Space, and Technology",HSSY,2019-01-23,2021-01-03,T000469
Committee on Energy and Commerce,HSIF,2019-01-15,2021-01-03,T000469
Committee on Appropriations,HSAP,2019-01-15,2021-01-03,T000474
Committee on Rules,HSRU,2019-01-04,2021-01-03,T000474
Committee on Education and the Workforce,HSED,2019-01-24,2021-01-03,T000482
Committee on Armed Services,HSAS,2019-01-15,2021-01-03,T000482
Committee on Foreign Affairs,HSFA,2019-01-17,2021-01-03,T000483
Committee on Education and the Workforce,HSED,2019-01-15,2021-01-03,T000483
Committee on Armed Services,HSAS,2019-01-23,2021-01-03,T000463
Permanent Select Committee on Intelligence,HSIG,,2021-01-03,T000463
Committee on Homeland Security,HSHM,2019-01-23,2021-01-03,U000040
Committee on Veterans' Affairs,HSVR,2019-01-17,2021-01-03,U000040
Committee on Education and the Workforce,HSED,2019-01-15,2021-01-03,U000040
Committee on Energy and Commerce,HSIF,2019-01-23,2021-01-03,U000031
Committee on Education and the Workforce,HSED,2020-01-16,2021-01-03,V000133
Committee on Homeland Security,HSHM,2020-01-16,2021-01-03,V000133
Committee on Natural Resources,HSII,2019-01-24,2019-12-19,V000133
Committee on Agriculture,HSAG,2019-01-17,2019-12-19,V000133
Committee on Financial Services,HSBA,2019-01-17,2021-01-03,V000130
Committee on Foreign Affairs,HSFA,2019-01-17,2021-01-03,V000130
Committee on Small Business,HSSM,2019-01-24,2021-01-03,V000131
Committee on Energy and Commerce,HSIF,2019-01-15,2021-01-03,V000131
Committee on Agriculture,HSAG,2019-01-17,2021-01-03,V000132
Committee on Armed Services,HSAS,2019-01-15,2021-01-03,V000132
Committee on Natural Resources,HSII,2019-01-24,2021-01-03,V000081
Committee on Financial Services,HSBA,2019-01-17,2021-01-03,V000081
Committee on Small Business,HSSM,2019-01-04,2021-01-03,V000081
Committee on Financial Services,HSBA,2019-01-23,2021-01-03,W000812
Committee on Foreign Affairs,HSFA,2019-01-23,2021-01-03,W000812
Committee on Education and the Workforce,HSED,2019-01-23,2021-01-03,W000798
Committee on Energy and Commerce,HSIF,2019-01-23,2021-01-03,W000798
Committee on Ethics,HSSO,2019-02-08,2021-01-03,W000813
Committee on Ways and Means,HSWM,,2021-01-03,W000813
"Committee on Science, Space, and Technology",HSSY,2019-01-23,2021-01-03,W000823
Committee on Armed Services,HSAS,2019-01-23,2021-01-03,W000823
Committee on Oversight and Accountability,HSGO,2019-01-23,2021-01-03,W000797
Committee on Appropriations,HSAP,2019-01-15,2021-01-03,W000797
Committee on Financial Services,HSBA,2019-01-03,2021-01-03,W000187
Committee on Homeland Security,HSHM,2019-01-23,2021-01-03,W000822
Committee on Appropriations,HSAP,2019-01-15,2021-01-03,W000822
Committee on Transportation and Infrastructure,HSPW,2019-01-23,2021-01-03,W000814
"Committee on Science, Space, and Technology",HSSY,2019-01-23,2021-01-03,W000814
Committee on Natural Resources,HSII,2019-01-24,2021-01-03,W000806
Committee on Transportation and Infrastructure,HSPW,2019-01-23,2021-01-03,W000806
Committee on Oversight and Accountability,HSGO,2019-01-23,2021-01-03,W000800
Permanent Select Committee on Intelligence,HSIG,2019-01-16,2021-01-03,W000800
Committee on Energy and Commerce,HSIF,2019-01-15,2021-01-03,W000800
Permanent Select Committee on Intelligence,HSIG,,2021-01-03,W000815
Committee on Ways and Means,HSWM,,2021-01-03,W000815
Committee on Natural Resources,HSII,2019-01-24,2021-01-03,W000821
Committee on Transportation and Infrastructure,HSPW,2019-01-23,2021-01-03,W000821
"Committee on Science, Space, and Technology",HSSY,2019-01-23,2021-01-03,W000825
Committee on Financial Services,HSBA,2019-01-17,2021-01-03,W000825
Committee on Ethics,HSSO,2019-02-13,2021-01-03,W000826
Committee on Foreign Affairs,HSFA,2019-01-17,2021-01-03,W000826
Committee on Education and the Workforce,HSED,2019-01-15,2021-01-03,W000826
Committee on Financial Services,HSBA,2019-01-23,2021-01-03,W000816
Committee on Education and the Workforce,HSED,2019-01-15,2021-01-03,W000808
Committee on Transportation and Infrastructure,HSPW,2017-01-17,2021-01-03,W000808
Committee on Foreign Affairs,HSFA,2019-01-23,2021-01-03,W000795
Committee on Armed Services,HSAS,2019-01-23,2021-01-03,W000795
Committee on Natural Resources,HSII,2019-01-24,2021-01-03,W000804
Committee on Armed Services,HSAS,2019-01-23,2021-01-03,W000804
Committee on Appropriations,HSAP,2019-01-23,2021-01-03,W000809
Committee on the Budget,HSBU,2019-01-03,2021-01-03,W000809
Committee on Education and the Workforce,HSED,2019-01-23,2021-01-03,W000827
Committee on Foreign Affairs,HSFA,2019-01-23,2021-01-03,W000827
Committee on the Budget,HSBU,2019-01-03,2021-01-03,Y000062
Committee on Natural Resources,HSII,2019-01-24,2021-01-03,Y000033
Committee on Transportation and Infrastructure,HSPW,2019-01-23,2021-01-03,Y000033
Committee on Financial Services,HSBA,2019-01-23,2021-01-03,Z000017
Committee on Foreign Affairs,HSFA,2019-01-23,2021-01-03,Z000017
