,full_name,state,"AGRICULTURE, NUTRITION, AND FORESTRY",BUDGET,ENVIRONMENT AND PUBLIC WORKS,FINANCE,"CLEAN AIR, CLIMATE, AND NUCLEAR SAFETY","ENERGY, NATURAL RESOURCES, AND INFRASTRUCTURE","FISHERIES, WATER, AND WILDLIFE",HEALTH CARE,"INTERNATIONAL TRADE, CUSTOMS, AND GLOBAL COMPETITIVENESS",TRANSPORTATION AND INFRASTRUCTURE,"BANKING, HOUSING, AND URBAN AFFAIRS",VETERANS’ AFFAIRS,"FOOD AND NUTRITION, SPECIALTY CROPS, ORGANICS, AND RESEARCH","LIVESTOCK, DAIRY, POULTRY, LOCAL FOOD SYSTEMS, AND FOOD SAFETY AND SECURITY","SOCIAL SECURITY, PENSIONS, AND FAMILY POLICY","COMMERCE, SCIENCE, AND TRANSPORTATION",JUDICIARY,RULES AND ADMINISTRATION,"COMMUNICATIONS, MEDIA, AND BROADBAND","COMPETITION POLICY, ANTITRUST, AND CONSUMER RIGHTS","CONSERVATION, CLIMATE, FORESTRY, AND NATURAL RESOURCES","CONSUMER PROTECTION, PRODUCT SAFETY, AND DATA SECURITY",CRIMINAL JUSTICE AND COUNTERTERRORISM,"IMMIGRATION, CITIZENSHIP, AND BORDER SAFETY","PRIVACY, TECHNOLOGY, AND THE LAW",RURAL DEVELOPMENT AND ENERGY,"SURFACE TRANSPORTATION, MARITIME, FREIGHT, AND PORTS","TOURISM, TRADE, AND EXPORT PROMOTION",TAXATION AND IRS OVERSIGHT,ARMED SERVICES,"COMMODITIES, RISK MANAGEMENT, AND TRADE",CYBERSECURITY,EMERGING THREATS AND CAPABILITIES,STRATEGIC FORCES,"HEALTH, EDUCATION, LABOR, AND PENSIONS",CHILDREN AND FAMILIES,ECONOMIC POLICY,FINANCIAL INSTITUTIONS AND CONSUMER PROTECTION,"HOUSING, TRANSPORTATION, AND COMMUNITY DEVELOPMENT",PRIMARY HEALTH AND RETIREMENT SECURITY,APPROPRIATIONS,DEFENSE,ENERGY AND WATER DEVELOPMENT,FINANCIAL SERVICES AND GENERAL GOVERNMENT,"LABOR, HEALTH AND HUMAN SERVICES, EDUCATION, AND RELATED AGENCIES","STATE, FOREIGN OPERATIONS, AND RELATED PROGRAMS","TRANSPORTATION, HOUSING AND URBAN DEVELOPMENT, AND RELATED AGENCIES",FOREIGN RELATIONS,SMALL BUSINESS AND ENTREPRENEURSHIP,AFRICA AND GLOBAL HEALTH POLICY,"FEDERAL COURTS, OVERSIGHT, AGENCY ACTION, AND FEDERAL RIGHTS","NEAR EAST, SOUTH ASIA, CENTRAL ASIA, AND COUNTERTERRORISM","STATE DEPARTMENT AND USAID MANAGEMENT, INTERNATIONAL OPERATIONS, AND BILATERAL INTERNATIONAL DEVELOPMENT",THE CONSTITUTION,EMPLOYMENT AND WORKPLACE SAFETY,"OCEANS, FISHERIES, CLIMATE CHANGE, AND MANUFACTURING",SPACE AND SCIENCE,"AVIATION SAFETY, OPERATIONS, AND INNOVATION","SECURITIES, INSURANCE, AND INVESTMENT",HUMAN RIGHTS AND THE LAW,INTELLECTUAL PROPERTY,"CHEMICAL SAFETY, WASTE MANAGEMENT, ENVIRONMENTAL JUSTICE, AND REGULATORY OVERSIGHT","MILITARY CONSTRUCTION, VETERANS AFFAIRS, AND RELATED AGENCIES","AGRICULTURE, RURAL DEVELOPMENT, FOOD AND DRUG ADMINISTRATION, AND RELATED AGENCIES","INTERIOR, ENVIRONMENT, AND RELATED AGENCIES",ENERGY AND NATURAL RESOURCES,ENERGY,WATER AND POWER,AIRLAND,HOMELAND SECURITY,NATIONAL PARKS,HOMELAND SECURITY AND GOVERNMENTAL AFFAIRS,PERMANENT SUBCOMMITTEE ON INVESTIGATIONS,READINESS AND MANAGEMENT SUPPORT,SEAPOWER,FISCAL RESPONSIBILITY AND ECONOMIC GROWTH,"COMMERCE, JUSTICE, SCIENCE, AND RELATED AGENCIES",LEGISLATIVE BRANCH,NATIONAL SECURITY AND INTERNATIONAL TRADE AND FINANCE,EUROPE AND REGIONAL SECURITY COOPERATION,"MULTILATERAL INTERNATIONAL DEVELOPMENT, MULTILATERAL INSTITUTIONS, AND INTERNATIONAL ECONOMIC, ENERGY, AND ENVIRONMENTAL POLICY","WESTERN HEMISPHERE, TRANSNATIONAL CRIME, CIVILIAN SECURITY, DEMOCRACY, HUMAN RIGHTS, AND GLOBAL WOMEN’S ISSUES","EAST ASIA, THE PACIFIC, AND INTERNATIONAL CYBERSECURITY POLICY","PUBLIC LANDS, FORESTS, AND MINING",GOVERNMENT OPERATIONS AND BORDER MANAGEMENT,PERSONNEL,EMERGING THREATS AND SPENDING OVERSIGHT,
0,Debbie Stabenow,Michigan,6.0,6.0,6.0,6.0,4.0,4.0,4.0,4.0,4.0,4.0,,,,,,,,,,,,,,,,,,,,,,,,,,,,,,,,,,,,,,,,,,,,,,,,,,,,,,,,,,,,,,,,,,,,,,,,,,,,,,
1,Sherrod Brown,Ohio,4.0,,,4.0,,,,,4.0,,4.0,4.0,4.0,4.0,4.0,,,,,,,,,,,,,,,,,,,,,,,,,,,,,,,,,,,,,,,,,,,,,,,,,,,,,,,,,,,,,,,,,,,,,,,,,
2,Amy Klobuchar,Minnesota,11.0,,,,,,,,,,,,4.0,,,11.0,11.0,11.0,4.0,4.0,4.0,4.0,4.0,4.0,4.0,4.0,4.0,4.0,,,,,,,,,,,,,,,,,,,,,,,,,,,,,,,,,,,,,,,,,,,,,,,,,,,,,,,,,,,,
3,Michael F. Bennet,Colorado,5.0,,,5.0,,3.0,,,3.0,,,,,,,,,5.0,,,3.0,,,,,3.0,,,3.0,,,,,,,,,,,,,,,,,,,,,,,,,,,,,,,,,,,,,,,,,,,,,,,,,,,,,,,,,,,
4,Kirsten E. Gillibrand,New York,6.0,,,,,,,,,,,,2.0,2.0,,,,,,,,,,,,,,,,6.0,2.0,2.0,2.0,2.0,,,,,,,,,,,,,,,,,,,,,,,,,,,,,,,,,,,,,,,,,,,,,,,,,,,,,,
5,Tina Smith,Minnesota,8.0,,,,,,,,,,8.0,,,,,,,,,,3.0,,,,,3.0,,,,,3.0,,,,8.0,3.0,3.0,3.0,3.0,3.0,,,,,,,,,,,,,,,,,,,,,,,,,,,,,,,,,,,,,,,,,,,,,,,,
6,Richard J. Durbin,Illinois,9.0,,,,,,,,,,,,,3.0,,,9.0,,,,,,,,,3.0,,,,,3.0,,,,,,,,,,9.0,3.0,3.0,3.0,3.0,3.0,3.0,,,,,,,,,,,,,,,,,,,,,,,,,,,,,,,,,,,,,,,,,
7,Cory A. Booker,New Jersey,11.0,,,,,,,,,,,,4.0,4.0,,,11.0,,,4.0,,,4.0,4.0,,,,,,,4.0,,,,,,,,,,,,,,,,,11.0,11.0,4.0,4.0,4.0,4.0,4.0,,,,,,,,,,,,,,,,,,,,,,,,,,,,,,,,,,
8,Ben Ray Lujan,New Mexico,9.0,9.0,,,,,,,,,,,,4.0,,9.0,,,4.0,,4.0,4.0,,,,4.0,,,,,,,,,9.0,,,,,4.0,,,,,,,,,,,,,,,4.0,4.0,4.0,,,,,,,,,,,,,,,,,,,,,,,,,,,,,,,
9,Raphael G. Warnock,Georgia,10.0,,,,,,,,,,10.0,,3.0,,,10.0,,,3.0,,3.0,,,,,,3.0,,,,3.0,,,,,,,3.0,3.0,,,,,,,,,,,,,,,,,3.0,,3.0,3.0,,,,,,,,,,,,,,,,,,,,,,,,,,,,,
10,Peter Welch,Vermont,12.0,,,,,,,,,,,,,4.0,,12.0,12.0,12.0,4.0,4.0,4.0,4.0,,4.0,,4.0,4.0,,,,,,,,,,,,,,,,,,,,,,,,4.0,,,,,4.0,,,,4.0,4.0,,,,,,,,,,,,,,,,,,,,,,,,,,,
11,John Fetterman,Pennsylvania,7.0,,7.0,,,,,,,3.0,7.0,,3.0,,,,,,,,,,,,,,,,,,3.0,,,,,,3.0,3.0,3.0,,,,,,,,,,,,,,,,,,,,,,,3.0,,,,,,,,,,,,,,,,,,,,,,,,,,
12,John Boozman,Arkansas,9.0,,9.0,,,,4.0,,,4.0,,9.0,,,,,,,,,,,,,,,,,,,,,,,,,,,,,9.0,4.0,,4.0,4.0,4.0,4.0,,,,,,,,,,,,,,,4.0,4.0,,,,,,,,,,,,,,,,,,,,,,,,,
13,Mitch McConnell,Kentucky,9.0,,,,,,,,,,,,3.0,,,,,9.0,,,3.0,,,,,,,,,,3.0,,,,,,,,,,9.0,3.0,3.0,,,3.0,,,,,,,,,,,,,,,,,3.0,3.0,3.0,,,,,,,,,,,,,,,,,,,,,,,
14,John Hoeven,North Dakota,10.0,,,,,,,,,,,,,3.0,,,,,,,3.0,,,,,,,,,,,,,,,,,,,,10.0,3.0,3.0,,,,3.0,,,,,,,,,,,,,,,,3.0,3.0,3.0,10.0,3.0,3.0,,,,,,,,,,,,,,,,,,,,
15,Joni Ernst,Iowa,6.0,,,,,,,,,,,,3.0,,,,,,,,,,,,,3.0,,,,6.0,3.0,3.0,3.0,,,,,,,,,,,,,,,,6.0,,,,,,,,,,,,,,,,,,,,3.0,,,,,,,,,,,,,,,,,,,
16,Cindy Hyde-Smith,Mississippi,10.0,,,,,,,,,,,,,4.0,,,,10.0,,,4.0,,,,,,,,,,4.0,,,,,,,,,,10.0,,4.0,,4.0,,4.0,,,,,,,,,,,,,,,,,4.0,,10.0,4.0,,,4.0,4.0,,,,,,,,,,,,,,,,,
17,Roger Marshall,Kansas,6.0,6.0,,,,,,,,,,,4.0,4.0,,,,,,,4.0,,,,,,,,,,,,,,6.0,,,,,4.0,,,,,,,,,,,,,,,4.0,,,,,,,,,,,,,,,,,6.0,4.0,,,,,,,,,,,,,,,
18,Tommy Tuberville,Alabama,8.0,,,,,,,,,,,8.0,4.0,,,,,,,,,,,,,4.0,,,,8.0,4.0,,,4.0,8.0,4.0,,,,,,,,,,,,,,,,,,,4.0,,,,,,,,,,,,,,,,,,,4.0,4.0,,,,,,,,,,,,,
19,Mike Braun,Indiana,4.0,4.0,,,,,,,,,,,3.0,,,,,,,,,,,,,3.0,,,,,,,,,4.0,,,,,3.0,,,,,,,,,,,,,,,3.0,,,,,,,,,,,,,,,,,,,,,,,,,,,,,,,,,
20,Chuck Grassley,Iowa,9.0,9.0,,9.0,,,,4.0,,,,,,,,,9.0,,,4.0,,,4.0,4.0,,4.0,,,4.0,,4.0,,,,,,,,,,,,,,,,,,,,4.0,,,,,,,,,,,,,,,,,,,,,,,,,4.0,,,,,,,,,,,,
21,John Thune,South Dakota,9.0,,,9.0,,,,3.0,3.0,,,,,3.0,,9.0,,,3.0,,3.0,,,,,,3.0,3.0,3.0,,,,,,,,,,,,,,,,,,,,,,,,,,,,,3.0,,,,,,,,,,,,,,,,,,,,,,,,,,,,,,
22,Deb Fischer,Nebraska,14.0,,,,,,,,,,,,,5.0,,14.0,,14.0,5.0,,,5.0,,,,5.0,5.0,,,14.0,,,,5.0,,,,,,,14.0,,,,,,,,,,,,,,,,5.0,,,,,,5.0,5.0,5.0,,,,5.0,,,,,5.0,,,5.0,5.0,,,,,,,,,,
23,Patty Murray,Washington,,8.0,,,,,,,,,,8.0,,,,,,,,,,,,,,,,,,,,,,,8.0,4.0,,,,4.0,8.0,4.0,4.0,,4.0,,4.0,,,,,,,,,,,,,,,,4.0,,,,,,,4.0,,,,,,,,,,,,,,,,,,
24,Dianne Feinstein,California,,,,,,,,,,,,,,,,,10.0,10.0,,,,,3.0,,,,,,,,,,,,,,,,,,10.0,3.0,3.0,,,,3.0,,,,3.0,,,3.0,,,,,,3.0,,,,3.0,3.0,,,,,,,,,,,,3.0,,,,,,,,,,,
25,Jack Reed,Rhode Island,,,,,,,,,,,10.0,,,,,,,,,,,,,,,,,,,10.0,,,,,,,3.0,,3.0,,10.0,3.0,,,3.0,,3.0,,,,,,,,,,,,3.0,,,,3.0,,3.0,,,,,,,,,,,,3.0,3.0,,,,,,,,,,
26,Jon Tester,Montana,,,,,,,,,,,11.0,11.0,,,,11.0,,,4.0,,,,,,,,,,,,,,,,,,,,4.0,,11.0,4.0,4.0,,,,,,,,,,,,,,,4.0,4.0,,,,4.0,4.0,4.0,,,,,4.0,,,,,,,,,4.0,,,,,,,,,
27,Jeanne Shaheen,New Hampshire,,,,,,,,,,,,,,,,,,,,,,,,,,,,,,13.0,,,4.0,,,,,,,,13.0,4.0,4.0,,4.0,4.0,,13.0,13.0,,,4.0,,,,,,,,,,,,,,,,,,4.0,,,,4.0,4.0,,4.0,,,4.0,4.0,4.0,,,,,,
28,Jeff Merkley,Oregon,,12.0,12.0,,5.0,,,,,5.0,,,,,,,,12.0,,,,,,,,,,,,,,,,,,,,,,,12.0,,5.0,,5.0,5.0,,12.0,,5.0,,,,,,,,,,,,5.0,,5.0,5.0,,,,,,,,,,,,5.0,,,,,5.0,5.0,,,,,
29,Christopher A. Coons,Delaware,,,,,,,,,,,,,,,,,15.0,,,4.0,,,4.0,4.0,4.0,,,,,,,,,,,,,,,,15.0,,4.0,4.0,,4.0,4.0,15.0,15.0,4.0,,,4.0,,,,,,,,4.0,,4.0,,,,,,,,,,,,,,4.0,,,,4.0,,4.0,,,,,
30,Brian Schatz,Hawaii,,,,,,,,,,,,,,,,13.0,,,3.0,,,3.0,,,,,3.0,,,,,,,,,,,,,,13.0,3.0,,,3.0,3.0,3.0,13.0,,3.0,,,,,,3.0,,,,,,,3.0,,,,,,,,,,,,,,3.0,,,,3.0,,3.0,,,,,
31,Tammy Baldwin,Wisconsin,,,,,,,,,,,,,,,,12.0,,,3.0,,,3.0,,,,,3.0,,,,,,,,12.0,,,,,3.0,12.0,3.0,3.0,,3.0,,,,,,,,,,3.0,3.0,,,,,,,3.0,3.0,,,,,,3.0,,,,,,,,,,,,,,,,,,
32,Christopher Murphy,Connecticut,,,,,,,,,,,,,,,,,,,,,,,,,,,,,,,,,,,12.0,3.0,,,,3.0,12.0,3.0,,,3.0,3.0,3.0,12.0,,,,3.0,3.0,,,,,,,,,,,,,,,,,3.0,,,,,,,,3.0,,3.0,,3.0,,,,,,
33,Joe Manchin III,West Virginia,,,,,,,,,,,,9.0,,,,,,,,,,,,,,,,,,9.0,,4.0,,4.0,,,,,,,9.0,,,4.0,4.0,,4.0,,,,,,,,,,,,,,,,4.0,4.0,,9.0,,,4.0,,,,,,,,4.0,,,,,,,,,,,
34,Chris Van Hollen,Maryland,,12.0,,,,,,,,,12.0,,,,,,,,,,,,,,,,,,,,,,,,,,4.0,4.0,,,12.0,,,4.0,,4.0,4.0,12.0,,4.0,,,,,,,,,,,,,,,4.0,,,,,,,,,,,,4.0,4.0,4.0,4.0,,,4.0,,,,,
35,Martin Heinrich,New Mexico,,,,,,,,,,,,,,,,,,,,,,,,,,,,,,,,,,,,,,,,,8.0,,2.0,2.0,,,,,,,,,,,,,,,,,,,2.0,2.0,2.0,8.0,2.0,,,,2.0,,,,,,,,,,,,,2.0,,,,
36,Gary C. Peters,Michigan,,,,,,,,,,,,,,,,12.0,,,4.0,,,,,,,,4.0,,,12.0,,4.0,4.0,,,,,,,,12.0,,,,,,,,,,,,,,,,4.0,,,,,,4.0,4.0,4.0,,,,4.0,4.0,,12.0,,,4.0,,4.0,,,,,,,,,,,
37,Susan M. Collins,Maine,,,,,,,,,,,,,,,,,,,,,,,,,,,,,,,,,,,6.0,,,,,2.0,6.0,2.0,,,,,2.0,,,,,,,,,,,,,,,,2.0,2.0,,,,,,,,,,,,,2.0,,,,,,,,,,,
38,Lisa Murkowski,Alaska,,,,,,,,,,,,,,,,,,,,,,,,,,,,,,,,,,,11.0,3.0,,,,3.0,11.0,3.0,3.0,,,,,,,,,,,,,,,,,,,,3.0,,3.0,11.0,3.0,,,3.0,3.0,,,,,,3.0,,,,,,,3.0,,,,
39,Lindsey Graham,South Carolina,,7.0,7.0,,4.0,,,,,4.0,,,,,,,7.0,,,,,,,,,,,,,,,,,,,,,,,,7.0,4.0,4.0,,4.0,4.0,4.0,,,,,,,,,,,,,,,,,,,,,,,,,,,,,,,,,,,,,,,,,
40,Jerry Moran,Kansas,,,,,,,,,,,,10.0,,,,10.0,,,3.0,,,3.0,,,,,,,,,,,,,,,,,,,10.0,3.0,,,3.0,3.0,3.0,,,,,,,,,3.0,,3.0,,,,,,3.0,,,,,,,,,,,,,3.0,,,,,,,,,,,
41,Shelley Moore Capito,West Virginia,,,9.0,,,,,,,,,,,,,9.0,,9.0,4.0,,,,,,,,4.0,4.0,,,,,,,,,,,,,9.0,4.0,,,4.0,,4.0,,,,,,,,,,,,,,,,,,4.0,,,,,4.0,,,,,,,4.0,,,,,,,,,,,
42,John Kennedy,Louisiana,,13.0,,,,,,,,,13.0,,,,,,13.0,,,,,,5.0,,5.0,,,,,,,,,,,,5.0,,5.0,,13.0,,5.0,5.0,5.0,,5.0,,13.0,,5.0,,,,,,,,5.0,5.0,,,,,,,,,,5.0,,,,,,,5.0,,,,,,,,,,,
43,Bill Hagerty,Tennessee,,,,,,,,,,,11.0,,,,,,,11.0,,,,,,,,,,,,,,,,,,,,,4.0,,11.0,,4.0,4.0,,4.0,,11.0,,,,,4.0,,,,,,4.0,,,,4.0,,,,,,,,,,,,,,4.0,,4.0,,4.0,,4.0,,,,,
44,Katie Boyd Britt,Alabama,,,,,,,,,,,8.0,,,,,,,8.0,,,,,,,,,,,,,,,,,,,,3.0,3.0,,8.0,,3.0,,3.0,,,,,,,,,,,,,,,,,,,,3.0,,,,,3.0,,,,,,,3.0,,3.0,,,,,,,,,
45,Marco Rubio,Florida,,,,,,,,,,,,,,,,,,,,,,,,,,,,,,,,,,,,,,,,,8.0,,,3.0,3.0,3.0,,8.0,8.0,,,3.0,,,,,,,,,,,3.0,,,,,,,,,,,,,,,3.0,,3.0,,3.0,,,,,,
46,Richard Blumenthal,Connecticut,,,,,,,,,,,,11.0,,,,,11.0,,,4.0,,,,,4.0,,,,,11.0,,,,,,,,,,,,,,,,,,,,,4.0,,,4.0,,,,,,4.0,,,,,,,,,4.0,,,11.0,4.0,4.0,4.0,,,,,,,,,,4.0,4.0,,
47,Mazie K. Hirono,Hawaii,,,,,,,,,,,,11.0,,,,,11.0,,,5.0,,,,5.0,5.0,,,,,11.0,,,,,,,,,,,,,,,,,,,11.0,,5.0,,,,,,,,,,5.0,,,,,11.0,5.0,,,,5.0,,,5.0,5.0,,,,,,,,,5.0,,5.0,,
48,Tim Kaine,Virginia,,9.0,,,,,,,,,,,,,,,,,,,,,,,,,,,,9.0,,,,,9.0,4.0,,,,,,,,,,,,9.0,,,,4.0,4.0,,4.0,,,,,,,,,,,,,,,,,,,4.0,4.0,,,,,,4.0,4.0,,,,4.0,,
49,Angus S. King Jr.,Maine,,,,,,,,,,,,6.0,,,,,,,,,,,,,,,,,,6.0,,,,3.0,,,,,,,,,,,,,,,,,,,,,,,,,,,,,,,,6.0,3.0,,3.0,,3.0,,,,3.0,,,,,,,,,3.0,,,,
50,Elizabeth Warren,Massachusetts,,,,8.0,,,,3.0,,,8.0,,,,,,,,,,,,,,,,,,3.0,8.0,,,3.0,3.0,,,3.0,3.0,,,,,,,,,,,,,,,,,,,,,3.0,,,,,,,,,,,,,,,,,,,,,,,,,,,3.0,,
51,Tammy Duckworth,Illinois,,,,,,,,,,,,,,,,12.0,,,4.0,,,4.0,,,,,4.0,4.0,,12.0,,4.0,,,,,,,,,,,,,,,,12.0,12.0,,,,,,,,,4.0,,,,,,,,,,,4.0,,,,,4.0,,,,,,4.0,4.0,,4.0,,,4.0,,
52,Jacky Rosen,Nevada,,,,,,,,,,,,,,,,7.0,,,4.0,,,,,,,,,4.0,,7.0,,4.0,4.0,4.0,,,,,,,,,,,,,,,7.0,,,,,,,,,4.0,,,,,,,,,,,,,,7.0,,,,,,,,,,,,,,,4.0,
53,Mark Kelly,Arizona,,,10.0,,3.0,,3.0,,,3.0,,,,,,,,,,,,,,,,,,,,10.0,,,3.0,3.0,,,,,,,,,,,,,,,,,,,,,,,,,,,,,,,,10.0,,3.0,3.0,,3.0,,,3.0,,,,,,,,,,3.0,,,,
54,Roger F. Wicker,Mississippi,,,7.0,,4.0,,,,,4.0,,,,,,7.0,,7.0,4.0,,,,,,,,4.0,,,7.0,,,,,,,,,,,,,,,,,,,,,,,,,,4.0,,4.0,,,,4.0,,,,,,,,,,,,,,,,,,,,,,,,,,
55,Tom Cotton,Arkansas,,,,,,,,,,,,,,,,,7.0,,,2.0,,,2.0,2.0,,,,,,7.0,,,2.0,2.0,,,,,,,,,,,,,,,,,,,,,,,,,,,2.0,,,,,,,,2.0,,,,,,,,,,,,,,,,,,,
56,Mike Rounds,South Dakota,,,,,,,,,,,6.0,6.0,,,,,,,,,,,,,,,,,,6.0,,3.0,,3.0,,,3.0,,3.0,,,,,,,,,,,,,,,,,,,,3.0,,,,,,,,,,,,,,,,,,,,,,,,,,,3.0,,
57,Dan Sullivan,Alaska,,,10.0,,4.0,,4.0,,,,,10.0,,,,10.0,,,4.0,,,4.0,,,,,,,,10.0,,,,,,,,,,,,,,,,,,,,,,,,,,4.0,,4.0,,,,4.0,,,,,,,,,,,,4.0,4.0,,,,,,,,,,,4.0,,
58,Kevin Cramer,North Dakota,,,8.0,,4.0,,4.0,,,4.0,8.0,8.0,,,,,,,,,,,,,,,,,,8.0,,,,4.0,,,,4.0,,,,,,,,,,,,,,,,,,,,,,,,,,,,,,,,,,,,4.0,4.0,,,,4.0,,,,,,,,,
59,Rick Scott,Florida,,5.0,,,,,,,,,,,,,,,,,,,,,,,,,,,,5.0,,,,,,,,,,,,,,,,,,,,,,,,,,,,,,,,,,,,,,,3.0,,,5.0,3.0,,3.0,,,,,,,,,,,3.0,3.0,
60,Tim Scott,South Carolina,,,,6.0,,4.0,,4.0,4.0,,6.0,,,,,,,,,,,,,,,,,,,,,,,,,,,,,,,,,,,,,6.0,6.0,4.0,,,,,,,,,,,,,,,,,,,,,,,,,,,,,,,,4.0,4.0,,,,,
61,Markwayne Mullin,Oklahoma,,,8.0,,3.0,,,,,3.0,,,,,,,,,,,,,,,,,,,,8.0,,,3.0,,8.0,3.0,,,,3.0,,,,,,,,,,,,,,,,,,,,,,3.0,,,,,,,3.0,,,,,3.0,,,,,,,,,,,,,,
62,Ted Budd,North Carolina,,,,,,,,,,,,,,,,9.0,,,4.0,,,4.0,,,,,4.0,4.0,,9.0,,4.0,4.0,,9.0,,,,,4.0,,,,,,,,,9.0,,,,,,4.0,,,,,,,,,,,,,,,,,,,,,,,,,,,,,,,4.0,,
63,Eric Schmitt,Missouri,,,,,,,,,,,,,,,,6.0,,,2.0,,,,,,,,2.0,,,6.0,,2.0,2.0,,,,,,,,,,,,,,,,,,,,,,,,2.0,,,,,,,,,,,,,,,,,,2.0,,,,,,,,,,,,,
64,Robert Menendez,New Jersey,,,,6.0,,,,3.0,3.0,,6.0,,,,,,,,,,,,,,,,,,3.0,,,,,,,,3.0,,3.0,,,,,,,,,6.0,,,,,,,,,,,3.0,,,,,,,,,,,,,,,,,,,,,,,,,,,,,
65,Mark R. Warner,Virginia,,7.0,,7.0,,,,4.0,4.0,,7.0,,,,4.0,,,7.0,,,,,,,,,,,4.0,,,,,,,,,4.0,,,,,,,,,,,,,,,,,,,,,4.0,,,,,,,,,,,,,,,,,,,,4.0,,,,,,,,,
66,Catherine Cortez Masto,Nevada,,,,9.0,,3.0,,3.0,3.0,,9.0,,,,,,,,,,,,,,,,,,,,,,,,,,,3.0,3.0,,,,,,,,,,,,,,,,,,,,,,,,,,,9.0,3.0,3.0,,,,,,,,,,,3.0,,,,,3.0,,,,
67,Kyrsten Sinema,Arizona,,,,,,,,,,,9.0,9.0,,,,9.0,,,4.0,,,,,,,,,4.0,,,,,,,,,,,4.0,,,,,,,,,,,,,,,,,,4.0,4.0,4.0,,,,,,,,,,,,,9.0,,,,,,,4.0,,,,,,4.0,,4.0,
68,Mike Crapo,Idaho,,3.0,,3.0,,,,,,,3.0,,,,,,,,,,,,,,,,,,,,,,,,,,,3.0,3.0,,,,,,,,,,,,,,,,,,,,3.0,,,,,,,,,,,,,,,,,,,,,,,,,,,,,
69,Thom Tillis,North Carolina,,,,9.0,,,,,4.0,,9.0,9.0,,,4.0,,9.0,,,4.0,,,,4.0,,,,,,,,,,,,,4.0,4.0,,,,,,,,,,,,,4.0,,,,,,,,4.0,,4.0,,,,,,,,,,,,,,,,,,,,,,,,,,,
70,Cynthia M. Lummis,Wyoming,,,9.0,,3.0,,3.0,,,3.0,9.0,,,,,9.0,,,3.0,,,3.0,,,,,,,,,,,,,,,3.0,3.0,3.0,,,,,,,,,,,,,,,,,,3.0,,,,,,,,,,,,,,,,,,,,,,,,,,,,,,,
71,J.D. Vance,Ohio,,,,,,,,,,,6.0,,,,,6.0,,,2.0,,,,,,,,,,,,,,,,,,,2.0,2.0,,,,,,,,,,,,,,,,,2.0,2.0,,2.0,,,,,,,,,,,,,,,,,,,,,,,,,,,,,
72,Steve Daines,Montana,,,,7.0,,3.0,,3.0,3.0,,7.0,,,,,,,,,,,,,,,,,,,,,,,,,,3.0,,,,,,,,,,,,,,,,,,,,,,,,,,,,,7.0,,,,,3.0,,,,,,,,3.0,,,,,3.0,,,,
73,Sheldon Whitehouse,Rhode Island,,10.0,10.0,10.0,4.0,4.0,4.0,4.0,,,,,,,,,10.0,,,4.0,,,4.0,4.0,,,,,4.0,,,,,,,,,,,,,,,,,,,,,,4.0,,,,,,,,,,,4.0,,,,,,,,,,,,,,,,,,,,,,,,,,
74,Ron Wyden,Oregon,,9.0,,9.0,,3.0,,3.0,3.0,,,,,,3.0,,,,,,,,,,,,,,3.0,,,,,,,,,,,,,,,,,,,,,,,,,,,,,,,,,,,,,9.0,3.0,3.0,,,,,,,,3.0,,,,,,,,3.0,,,,
75,Bernard Sanders,Vermont,,6.0,6.0,,5.0,,,,,5.0,,6.0,,,,,,,,,,,,,,,,,,,,,,,6.0,,,,,,,,,,,,,,,,,,,,,,,,,,,5.0,,,,6.0,5.0,5.0,,,5.0,,,,,,,,,,,,,,,,,
76,Alex Padilla,California,,10.0,10.0,,5.0,,5.0,,,5.0,,,,,,,10.0,10.0,,,,,5.0,5.0,5.0,,,,,,,,,,,,,,,,,,,,,,,,,,5.0,,,,,,,,,,5.0,,,,,,,,,,,10.0,5.0,,,,,,,,,,,,5.0,,,
77,Ron Johnson,Wisconsin,,5.0,,5.0,,,,3.0,3.0,,,,,,,,,,,,,,,,,,,,3.0,,,,,,,,,,,,,,,,,,,,,,,,,,,,,,,,,,,,,,,,,,,5.0,3.0,,,,,,,,,,,,3.0,,,
78,Mitt Romney,Utah,,7.0,,,,,,,,,,,,,,,,,,,,,,,,,,,,,,,,,7.0,4.0,,,,,,,,,,,,7.0,,,,4.0,,,4.0,,,,,,,,,,,,,,,,,7.0,,,,,,,,,4.0,,4.0,,4.0,,4.0,
79,Mike Lee,Utah,,8.0,,,,,,,,,,,,,,,8.0,,,3.0,,,3.0,,3.0,,,,,,,,,,,,,,,,,,,,,,,,,,3.0,,,3.0,,,,,,,,,,,,8.0,,3.0,,,3.0,,,,,,,,,,,,,3.0,,,,
80,Maria Cantwell,Washington,,,,1.0,,,,,,,,,,,,1.0,,,,,,,,,,,,,,,,,,,,,,,,,,,,,,,,,1.0,,,,,,,,,,,,,,,,,1.0,,,,,,,,,,,,,,,,,,,,,,4.0
81,Edward J. Markey,Massachusetts,,,11.0,,4.0,,4.0,,,4.0,,,,,,11.0,,,4.0,,,4.0,,,,,4.0,,,,,,,,11.0,,,,,4.0,,,,,,,,,11.0,,,,,,4.0,4.0,4.0,,,,,4.0,,,,,,,,,,,,,,,,,,,,,,,,,,
82,John W. Hickenlooper,Colorado,,,,,,,,,,,,,,,,10.0,,,4.0,,,4.0,,,,,,4.0,,,,,,,10.0,,,,,4.0,,,,,,,,,10.0,,,,,,4.0,,4.0,4.0,,,,,,,,10.0,4.0,4.0,,,,,,,,,,,,,,,,4.0,,,,
83,Ted Cruz,Texas,,,,,,,,,,,,,,,,7.0,7.0,7.0,,,,,4.0,4.0,,,,,,,,,,,,,,,,,,,,,,,,7.0,,,4.0,4.0,4.0,4.0,,,,,,,,,,,,,,,,,,,,,,,,,,,,4.0,,,,,,
84,Marsha Blackburn,Tennessee,,,,12.0,,,,4.0,,,,12.0,,,4.0,12.0,12.0,,4.0,4.0,,4.0,,4.0,4.0,,,4.0,4.0,,,,,,,,,,,,,,,,,,,,,,,,,,,4.0,,,,4.0,4.0,,,,,,,,,,,,,,,,,,,,,,,,,,,
85,Todd Young,Indiana,,,,10.0,,,,4.0,4.0,,,,,,4.0,10.0,,,4.0,,,4.0,,,,,4.0,,,,,,,,,,,,,,,,,,,,,10.0,10.0,4.0,,4.0,,,,,,4.0,,,,,,,,,,,,,,,,,,,,,,,,4.0,,,,,,
86,John Barrasso,Wyoming,,,,6.0,,3.0,,3.0,3.0,,,,,,,,,,,,,,,,,,,,,,,,,,,,,,,,,,,,,,,6.0,,3.0,,,,,,,,,,,,,,,,6.0,,,,,,,,,,,,,,3.0,3.0,,,,,,,
87,James E. Risch,Idaho,,,,,,,,,,,,,,,,,,,,,,,,,,,,,,,,,,,,,,,,,,,,,,,,3.0,3.0,,,,,,,,,,,,,,,,,3.0,3.0,3.0,,,,,,,,,,,,,,,,3.0,,,,
88,Bill Cassidy,Louisiana,,,,6.0,,,,4.0,4.0,,,6.0,,,4.0,,,,,,,,,,,,,,,,,,,,6.0,,,,,,,,,,,,,,,,,,,,,,,,,,,,,,,6.0,4.0,4.0,,,,,,,,,,,,,,,,4.0,,,,
89,Josh Hawley,Missouri,,,,,,,,,,,,,,,,,7.0,,,4.0,,,,,4.0,,,,,,,,,,,,,,,,,,,,,,,,7.0,,4.0,,,,,,,,,4.0,,,,,,7.0,4.0,,,,,7.0,4.0,,,,,,,,,,,4.0,,,,
90,Thomas R. Carper,Delaware,,,5.0,5.0,,3.0,,3.0,3.0,,,,,,,,,,,,,,,,,,,,,,,,,,,,,,,,,,,,,,,,,,,,,,,,,,,,,,,,,,,,,,,5.0,3.0,,,,,,,,,,,,3.0,,,
91,Benjamin L. Cardin,Maryland,,,10.0,10.0,4.0,,4.0,4.0,4.0,4.0,,,,,,,,,,,,,,,,,,,4.0,,,,,,,,,,,,,,,,,,,10.0,10.0,,,4.0,4.0,,,,,,,,,,,,,,,,,,,,,,,,,,,4.0,,4.0,,,,,,
92,Pete Ricketts,Nebraska,,,6.0,,2.0,,2.0,,,2.0,,,,,,,,,,,,,,,,,,,,,,,,,,,,,,,,,,,,,,6.0,,,,,2.0,,,,,,,,,,,,,,,,,,,,,,,,,,,2.0,,,2.0,,,,,
93,Robert P. Casey Jr.,Pennsylvania,,,,5.0,,,,2.0,2.0,,,,,,2.0,,,,,,,,,,,,,,,,,,,,5.0,2.0,,,,,,,,,,,,,,,,,,,2.0,,,,,,,,,,,,,,,,,,,,,,,,,,,,,,,,,
94,Margaret Wood Hassan,New Hampshire,,,,7.0,,,,4.0,,,,7.0,,,4.0,,,,,,,,,,,,,,,,,,,,7.0,4.0,,,,4.0,,,,,,,,,,,,,,,,,,,,,,,,,,,,,,,,7.0,4.0,,,4.0,,,,,,,,,,,4.0,
95,John Cornyn,Texas,,,,8.0,,2.0,,,2.0,,,,,,,,8.0,,,,,,2.0,2.0,2.0,,,,2.0,,,,,,,,,,,,,,,,,,,,,,,,,2.0,,,,,,,2.0,,,,,,,,,,,,,,,,,,,,,,,,,,,
96,James Lankford,Oklahoma,,,,5.0,,2.0,,2.0,,,,,,,,,,,,,,,,,,,,,2.0,,,,,,,,,,,,,,,,,,,,,,,,,,,,,,,,,,,,,,,,,,,5.0,,,,,,,,,,,,,2.0,,2.0,
97,Rand Paul,Kentucky,,,,,,,,,,,,,,,,,,,,,,,,,,,,,,,,,,,6.0,4.0,,,,4.0,,,,,,,,6.0,6.0,4.0,,,4.0,,,,,,,,,,,,,,,,,,,6.0,,,,,,,,4.0,4.0,,,,,,,
98,Jon Ossoff,Georgia,,,,,,,,,,,,,,,,,7.0,7.0,,,,,3.0,,3.0,,,,,,,,,,,,,,,,,,,,,,,,,,,,,3.0,,,,,,3.0,3.0,,,,,,,,,,,7.0,3.0,,,,,,,,,,,,,,3.0,
99,Charles E. Schumer,New York,,,,,,,,,,,,,,,,,,1.0,,,,,,,,,,,,,,,,,,,,,,,,,,,,,,,,,,,,,,,,,,,,,,,,,,,,,,,,,,,,,,,,,,,,,,1.0
